"date_recovered","province","cumulative_recovered"
2020-08-26,"Alberta",11799
2020-08-25,"Alberta",11714
2020-08-24,"Alberta",11600
2020-08-23,"Alberta",11374
2020-08-22,"Alberta",11374
2020-08-21,"Alberta",11374
2020-08-20,"Alberta",11292
2020-08-19,"Alberta",11167
2020-08-18,"Alberta",11025
2020-08-17,"Alberta",11056
2020-08-16,"Alberta",10796
2020-08-15,"Alberta",10796
2020-08-14,"Alberta",10796
2020-08-13,"Alberta",10713
2020-08-12,"Alberta",10632
2020-08-11,"Alberta",10552
2020-08-10,"Alberta",10384
2020-08-09,"Alberta",10097
2020-08-08,"Alberta",10097
2020-08-07,"Alberta",10097
2020-08-06,"Alberta",9984
2020-08-05,"Alberta",9891
2020-08-04,"Alberta",9754
2020-08-03,"Alberta",9261
2020-08-02,"Alberta",9261
2020-08-01,"Alberta",9261
2020-07-31,"Alberta",9261
2020-07-30,"Alberta",9113
2020-07-29,"Alberta",8983
2020-07-28,"Alberta",8886
2020-07-27,"Alberta",8774
2020-07-26,"Alberta",8567
2020-07-25,"Alberta",8567
2020-07-24,"Alberta",8567
2020-07-23,"Alberta",8506
2020-07-22,"Alberta",8436
2020-07-21,"Alberta",8363
2020-07-20,"Alberta",8308
2020-07-19,"Alberta",8193
2020-07-18,"Alberta",8193
2020-07-17,"Alberta",8193
2020-07-16,"Alberta",8142
2020-07-15,"Alberta",8127
2020-07-14,"Alberta",8048
2020-07-13,"Alberta",7989
2020-07-12,"Alberta",7844
2020-07-11,"Alberta",7844
2020-07-10,"Alberta",7844
2020-07-09,"Alberta",7774
2020-07-08,"Alberta",7716
2020-07-07,"Alberta",7659
2020-07-06,"Alberta",7627
2020-07-05,"Alberta",7532
2020-07-04,"Alberta",7532
2020-07-03,"Alberta",7532
2020-07-02,"Alberta",7505
2020-07-01,"Alberta",7405
2020-06-30,"Alberta",7405
2020-06-29,"Alberta",7354
2020-06-28,"Alberta",7322
2020-06-27,"Alberta",7283
2020-06-26,"Alberta",7225
2020-06-25,"Alberta",7191
2020-06-24,"Alberta",7134
2020-06-23,"Alberta",7096
2020-06-22,"Alberta",7041
2020-06-21,"Alberta",7018
2020-06-20,"Alberta",6996
2020-06-19,"Alberta",6961
2020-06-18,"Alberta",6938
2020-06-17,"Alberta",6893
2020-06-16,"Alberta",6882
2020-06-15,"Alberta",6862
2020-06-14,"Alberta",6861
2020-06-13,"Alberta",6830
2020-06-12,"Alberta",6811
2020-06-11,"Alberta",6788
2020-06-10,"Alberta",6754
2020-06-09,"Alberta",6722
2020-06-08,"Alberta",6698
2020-06-07,"Alberta",6656
2020-06-06,"Alberta",6656
2020-06-05,"Alberta",6624
2020-06-04,"Alberta",6611
2020-06-03,"Alberta",6587
2020-06-02,"Alberta",6537
2020-06-01,"Alberta",6501
2020-05-31,"Alberta",6283
2020-05-30,"Alberta",6245
2020-05-29,"Alberta",6220
2020-05-28,"Alberta",6160
2020-05-27,"Alberta",6106
2020-05-26,"Alberta",6048
2020-05-25,"Alberta",5979
2020-05-24,"Alberta",5924
2020-05-23,"Alberta",5869
2020-05-22,"Alberta",5801
2020-05-21,"Alberta",5710
2020-05-20,"Alberta",5637
2020-05-19,"Alberta",5584
2020-05-18,"Alberta",5519
2020-05-17,"Alberta",5453
2020-05-16,"Alberta",5377
2020-05-15,"Alberta",5317
2020-05-14,"Alberta",5205
2020-05-13,"Alberta",5076
2020-05-12,"Alberta",4866
2020-05-11,"Alberta",4659
2020-05-10,"Alberta",4389
2020-05-09,"Alberta",4204
2020-05-08,"Alberta",4020
2020-05-07,"Alberta",3809
2020-05-06,"Alberta",3552
2020-05-05,"Alberta",3219
2020-05-04,"Alberta",2942
2020-05-03,"Alberta",2713
2020-05-02,"Alberta",2534
2020-05-01,"Alberta",2359
2020-04-30,"Alberta",2161
2020-04-29,"Alberta",1953
2020-04-28,"Alberta",1800
2020-04-27,"Alberta",1664
2020-04-26,"Alberta",1549
2020-04-25,"Alberta",1471
2020-04-24,"Alberta",1397
2020-04-23,"Alberta",1357
2020-04-22,"Alberta",1310
2020-04-21,"Alberta",1273
2020-04-20,"Alberta",1230
2020-04-19,"Alberta",1198
2020-04-18,"Alberta",1162
2020-04-17,"Alberta",1124
2020-04-16,"Alberta",914
2020-04-15,"Alberta",914
2020-04-14,"Alberta",914
2020-04-13,"Alberta",877
2020-04-12,"Alberta",823
2020-04-11,"Alberta",774
2020-04-10,"Alberta",713
2020-04-09,"Alberta",592
2020-04-08,"Alberta",519
2020-04-07,"Alberta",447
2020-04-06,"Alberta",361
2020-04-05,"Alberta",279
2020-04-04,"Alberta",196
2020-04-03,"Alberta",196
2020-04-02,"Alberta",174
2020-04-01,"Alberta",142
2020-03-31,"Alberta",120
2020-03-30,"Alberta",94
2020-03-29,"Alberta",73
2020-03-28,"Alberta",53
2020-03-27,"Alberta",33
2020-03-26,"Alberta",27
2020-03-25,"Alberta",3
2020-03-24,"Alberta",3
2020-03-23,"Alberta",3
2020-03-22,"Alberta",3
2020-03-21,"Alberta",3
2020-03-20,"Alberta",3
2020-03-19,"Alberta",2
2020-03-18,"Alberta",0
2020-03-17,"Alberta",0
2020-03-16,"Alberta",0
2020-03-15,"Alberta",0
2020-03-14,"Alberta",0
2020-03-13,"Alberta",0
2020-03-12,"Alberta",0
2020-03-11,"Alberta",0
2020-03-10,"Alberta",0
2020-03-09,"Alberta",0
2020-03-08,"Alberta",0
2020-03-07,"Alberta",0
2020-03-06,"Alberta",0
2020-03-05,"Alberta",0
2020-03-04,"Alberta",NA
2020-03-03,"Alberta",NA
2020-03-02,"Alberta",NA
2020-03-01,"Alberta",NA
2020-02-29,"Alberta",NA
2020-02-28,"Alberta",NA
2020-02-27,"Alberta",NA
2020-02-26,"Alberta",NA
2020-02-25,"Alberta",NA
2020-02-24,"Alberta",NA
2020-02-23,"Alberta",NA
2020-02-22,"Alberta",NA
2020-02-21,"Alberta",NA
2020-02-20,"Alberta",NA
2020-02-19,"Alberta",NA
2020-02-18,"Alberta",NA
2020-02-17,"Alberta",NA
2020-02-16,"Alberta",NA
2020-02-15,"Alberta",NA
2020-02-14,"Alberta",NA
2020-02-13,"Alberta",NA
2020-02-12,"Alberta",NA
2020-08-26,"BC",4199
2020-08-25,"BC",4114
2020-08-24,"BC",4068
2020-08-23,"BC",3889
2020-08-22,"BC",3889
2020-08-21,"BC",3889
2020-08-20,"BC",3845
2020-08-19,"BC",3749
2020-08-18,"BC",3704
2020-08-17,"BC",3653
2020-08-16,"BC",3533
2020-08-15,"BC",3533
2020-08-14,"BC",3533
2020-08-13,"BC",3500
2020-08-12,"BC",3469
2020-08-11,"BC",3444
2020-08-10,"BC",3425
2020-08-09,"BC",3353
2020-08-08,"BC",3353
2020-08-07,"BC",3353
2020-08-06,"BC",3315
2020-08-05,"BC",3288
2020-08-04,"BC",3273
2020-08-03,"BC",3168
2020-08-02,"BC",3168
2020-08-01,"BC",3168
2020-07-31,"BC",3168
2020-07-30,"BC",3155
2020-07-29,"BC",3109
2020-07-28,"BC",3076
2020-07-27,"BC",3043
2020-07-26,"BC",2934
2020-07-25,"BC",2934
2020-07-24,"BC",2934
2020-07-23,"BC",2898
2020-07-22,"BC",2888
2020-07-21,"BC",2873
2020-07-20,"BC",2858
2020-07-19,"BC",2802
2020-07-18,"BC",2802
2020-07-17,"BC",2802
2020-07-16,"BC",2789
2020-07-15,"BC",2753
2020-07-14,"BC",2730
2020-07-13,"BC",2718
2020-07-12,"BC",2679
2020-07-11,"BC",2679
2020-07-10,"BC",2679
2020-07-09,"BC",2667
2020-07-08,"BC",2660
2020-07-07,"BC",2645
2020-07-06,"BC",2629
2020-07-05,"BC",2608
2020-07-04,"BC",2608
2020-07-03,"BC",2608
2020-07-02,"BC",2603
2020-07-01,"BC",2590
2020-06-30,"BC",2590
2020-06-29,"BC",2577
2020-06-28,"BC",2545
2020-06-27,"BC",2545
2020-06-26,"BC",2545
2020-06-25,"BC",2517
2020-06-24,"BC",2516
2020-06-23,"BC",2491
2020-06-22,"BC",2471
2020-06-21,"BC",2444
2020-06-20,"BC",2444
2020-06-19,"BC",2444
2020-06-18,"BC",2425
2020-06-17,"BC",2422
2020-06-16,"BC",2416
2020-06-15,"BC",2395
2020-06-14,"BC",2354
2020-06-13,"BC",2354
2020-06-12,"BC",2354
2020-06-11,"BC",2344
2020-06-10,"BC",2328
2020-06-09,"BC",2319
2020-06-08,"BC",2309
2020-06-07,"BC",2272
2020-06-06,"BC",2272
2020-06-05,"BC",2272
2020-06-04,"BC",2265
2020-06-03,"BC",2243
2020-06-02,"BC",2229
2020-06-01,"BC",2207
2020-05-31,"BC",2181
2020-05-30,"BC",2181
2020-05-29,"BC",2170
2020-05-28,"BC",2153
2020-05-27,"BC",2144
2020-05-26,"BC",2122
2020-05-25,"BC",2102
2020-05-24,"BC",2057
2020-05-23,"BC",2057
2020-05-22,"BC",2042
2020-05-21,"BC",2020
2020-05-20,"BC",2001
2020-05-19,"BC",1975
2020-05-18,"BC",1966
2020-05-17,"BC",1932
2020-05-16,"BC",1932
2020-05-15,"BC",1908
2020-05-14,"BC",1885
2020-05-13,"BC",1859
2020-05-12,"BC",1832
2020-05-11,"BC",1719
2020-05-10,"BC",1659
2020-05-09,"BC",1659
2020-05-08,"BC",1579
2020-05-07,"BC",1512
2020-05-06,"BC",1494
2020-05-05,"BC",1472
2020-05-04,"BC",1417
2020-05-03,"BC",1376
2020-05-02,"BC",1376
2020-05-01,"BC",1357
2020-04-30,"BC",1322
2020-04-29,"BC",1305
2020-04-28,"BC",1231
2020-04-27,"BC",1190
2020-04-26,"BC",1137
2020-04-25,"BC",1137
2020-04-24,"BC",1114
2020-04-23,"BC",1092
2020-04-22,"BC",1079
2020-04-21,"BC",1041
2020-04-20,"BC",1039
2020-04-19,"BC",987
2020-04-18,"BC",987
2020-04-17,"BC",966
2020-04-16,"BC",966
2020-04-15,"BC",955
2020-04-14,"BC",942
2020-04-13,"BC",926
2020-04-12,"BC",905
2020-04-11,"BC",905
2020-04-10,"BC",879
2020-04-09,"BC",858
2020-04-08,"BC",838
2020-04-07,"BC",805
2020-04-06,"BC",783
2020-04-05,"BC",704
2020-04-04,"BC",704
2020-04-03,"BC",673
2020-04-02,"BC",641
2020-04-01,"BC",606
2020-03-31,"BC",507
2020-03-30,"BC",469
2020-03-29,"BC",396
2020-03-28,"BC",396
2020-03-27,"BC",275
2020-03-26,"BC",186
2020-03-25,"BC",183
2020-03-24,"BC",173
2020-03-23,"BC",100
2020-03-22,"BC",6
2020-03-21,"BC",6
2020-03-20,"BC",6
2020-03-19,"BC",5
2020-03-18,"BC",5
2020-03-17,"BC",5
2020-03-16,"BC",5
2020-03-15,"BC",5
2020-03-14,"BC",5
2020-03-13,"BC",5
2020-03-12,"BC",4
2020-03-11,"BC",4
2020-03-10,"BC",4
2020-03-09,"BC",4
2020-03-08,"BC",4
2020-03-07,"BC",4
2020-03-06,"BC",4
2020-03-05,"BC",4
2020-03-04,"BC",4
2020-03-03,"BC",4
2020-03-02,"BC",4
2020-03-01,"BC",4
2020-02-29,"BC",4
2020-02-28,"BC",4
2020-02-27,"BC",4
2020-02-26,"BC",4
2020-02-25,"BC",4
2020-02-24,"BC",1
2020-02-23,"BC",1
2020-02-22,"BC",1
2020-02-21,"BC",1
2020-02-20,"BC",1
2020-02-19,"BC",1
2020-02-18,"BC",0
2020-02-17,"BC",0
2020-02-16,"BC",0
2020-02-15,"BC",0
2020-02-14,"BC",0
2020-02-13,"BC",0
2020-02-12,"BC",0
2020-08-26,"Manitoba",622
2020-08-25,"Manitoba",606
2020-08-24,"Manitoba",586
2020-08-23,"Manitoba",576
2020-08-22,"Manitoba",570
2020-08-21,"Manitoba",553
2020-08-20,"Manitoba",537
2020-08-19,"Manitoba",528
2020-08-18,"Manitoba",502
2020-08-17,"Manitoba",490
2020-08-16,"Manitoba",483
2020-08-15,"Manitoba",443
2020-08-14,"Manitoba",389
2020-08-13,"Manitoba",377
2020-08-12,"Manitoba",368
2020-08-11,"Manitoba",360
2020-08-10,"Manitoba",354
2020-08-09,"Manitoba",352
2020-08-08,"Manitoba",351
2020-08-07,"Manitoba",351
2020-08-06,"Manitoba",348
2020-08-05,"Manitoba",342
2020-08-04,"Manitoba",341
2020-08-03,"Manitoba",337
2020-08-02,"Manitoba",337
2020-08-01,"Manitoba",337
2020-07-31,"Manitoba",337
2020-07-30,"Manitoba",325
2020-07-29,"Manitoba",325
2020-07-28,"Manitoba",319
2020-07-27,"Manitoba",319
2020-07-26,"Manitoba",319
2020-07-25,"Manitoba",319
2020-07-24,"Manitoba",319
2020-07-23,"Manitoba",319
2020-07-22,"Manitoba",318
2020-07-21,"Manitoba",318
2020-07-20,"Manitoba",318
2020-07-19,"Manitoba",318
2020-07-18,"Manitoba",318
2020-07-17,"Manitoba",318
2020-07-16,"Manitoba",318
2020-07-15,"Manitoba",318
2020-07-14,"Manitoba",318
2020-07-13,"Manitoba",317
2020-07-12,"Manitoba",314
2020-07-11,"Manitoba",314
2020-07-10,"Manitoba",314
2020-07-09,"Manitoba",314
2020-07-08,"Manitoba",312
2020-07-07,"Manitoba",307
2020-07-06,"Manitoba",304
2020-07-05,"Manitoba",302
2020-07-04,"Manitoba",302
2020-07-03,"Manitoba",302
2020-07-02,"Manitoba",302
2020-07-01,"Manitoba",300
2020-06-30,"Manitoba",300
2020-06-29,"Manitoba",300
2020-06-28,"Manitoba",300
2020-06-27,"Manitoba",300
2020-06-26,"Manitoba",300
2020-06-25,"Manitoba",294
2020-06-24,"Manitoba",293
2020-06-23,"Manitoba",293
2020-06-22,"Manitoba",293
2020-06-21,"Manitoba",293
2020-06-20,"Manitoba",293
2020-06-19,"Manitoba",293
2020-06-18,"Manitoba",293
2020-06-17,"Manitoba",293
2020-06-16,"Manitoba",292
2020-06-15,"Manitoba",292
2020-06-14,"Manitoba",289
2020-06-13,"Manitoba",289
2020-06-12,"Manitoba",289
2020-06-11,"Manitoba",286
2020-06-10,"Manitoba",285
2020-06-09,"Manitoba",285
2020-06-08,"Manitoba",284
2020-06-07,"Manitoba",284
2020-06-06,"Manitoba",284
2020-06-05,"Manitoba",284
2020-06-04,"Manitoba",284
2020-06-03,"Manitoba",282
2020-06-02,"Manitoba",278
2020-06-01,"Manitoba",278
2020-05-31,"Manitoba",278
2020-05-30,"Manitoba",278
2020-05-29,"Manitoba",273
2020-05-28,"Manitoba",273
2020-05-27,"Manitoba",271
2020-05-26,"Manitoba",269
2020-05-25,"Manitoba",268
2020-05-24,"Manitoba",268
2020-05-23,"Manitoba",268
2020-05-22,"Manitoba",267
2020-05-21,"Manitoba",265
2020-05-20,"Manitoba",260
2020-05-19,"Manitoba",257
2020-05-18,"Manitoba",257
2020-05-17,"Manitoba",257
2020-05-16,"Manitoba",257
2020-05-15,"Manitoba",254
2020-05-14,"Manitoba",252
2020-05-13,"Manitoba",251
2020-05-12,"Manitoba",251
2020-05-11,"Manitoba",247
2020-05-10,"Manitoba",247
2020-05-09,"Manitoba",247
2020-05-08,"Manitoba",247
2020-05-07,"Manitoba",243
2020-05-06,"Manitoba",242
2020-05-05,"Manitoba",238
2020-05-04,"Manitoba",238
2020-05-03,"Manitoba",237
2020-05-02,"Manitoba",236
2020-05-01,"Manitoba",235
2020-04-30,"Manitoba",220
2020-04-29,"Manitoba",213
2020-04-28,"Manitoba",209
2020-04-27,"Manitoba",205
2020-04-26,"Manitoba",199
2020-04-25,"Manitoba",199
2020-04-24,"Manitoba",196
2020-04-23,"Manitoba",174
2020-04-22,"Manitoba",154
2020-04-21,"Manitoba",150
2020-04-20,"Manitoba",144
2020-04-19,"Manitoba",143
2020-04-18,"Manitoba",140
2020-04-17,"Manitoba",132
2020-04-16,"Manitoba",121
2020-04-15,"Manitoba",108
2020-04-14,"Manitoba",99
2020-04-13,"Manitoba",99
2020-04-12,"Manitoba",96
2020-04-11,"Manitoba",96
2020-04-10,"Manitoba",92
2020-04-09,"Manitoba",76
2020-04-08,"Manitoba",69
2020-04-07,"Manitoba",21
2020-04-06,"Manitoba",17
2020-04-05,"Manitoba",17
2020-04-04,"Manitoba",17
2020-04-03,"Manitoba",11
2020-04-02,"Manitoba",11
2020-04-01,"Manitoba",4
2020-03-31,"Manitoba",4
2020-03-30,"Manitoba",2
2020-03-29,"Manitoba",2
2020-03-28,"Manitoba",0
2020-03-27,"Manitoba",0
2020-03-26,"Manitoba",0
2020-03-25,"Manitoba",0
2020-03-24,"Manitoba",0
2020-03-23,"Manitoba",0
2020-03-22,"Manitoba",0
2020-03-21,"Manitoba",0
2020-03-20,"Manitoba",0
2020-03-19,"Manitoba",0
2020-03-18,"Manitoba",0
2020-03-17,"Manitoba",0
2020-03-16,"Manitoba",0
2020-03-15,"Manitoba",0
2020-03-14,"Manitoba",0
2020-03-13,"Manitoba",0
2020-03-12,"Manitoba",0
2020-03-11,"Manitoba",NA
2020-03-10,"Manitoba",NA
2020-03-09,"Manitoba",NA
2020-03-08,"Manitoba",NA
2020-03-07,"Manitoba",NA
2020-03-06,"Manitoba",NA
2020-03-05,"Manitoba",NA
2020-03-04,"Manitoba",NA
2020-03-03,"Manitoba",NA
2020-03-02,"Manitoba",NA
2020-03-01,"Manitoba",NA
2020-02-29,"Manitoba",NA
2020-02-28,"Manitoba",NA
2020-02-27,"Manitoba",NA
2020-02-26,"Manitoba",NA
2020-02-25,"Manitoba",NA
2020-02-24,"Manitoba",NA
2020-02-23,"Manitoba",NA
2020-02-22,"Manitoba",NA
2020-02-21,"Manitoba",NA
2020-02-20,"Manitoba",NA
2020-02-19,"Manitoba",NA
2020-02-18,"Manitoba",NA
2020-02-17,"Manitoba",NA
2020-02-16,"Manitoba",NA
2020-02-15,"Manitoba",NA
2020-02-14,"Manitoba",NA
2020-02-13,"Manitoba",NA
2020-02-12,"Manitoba",NA
2020-08-26,"New Brunswick",180
2020-08-25,"New Brunswick",178
2020-08-24,"New Brunswick",178
2020-08-23,"New Brunswick",178
2020-08-22,"New Brunswick",178
2020-08-21,"New Brunswick",178
2020-08-20,"New Brunswick",178
2020-08-19,"New Brunswick",172
2020-08-18,"New Brunswick",171
2020-08-17,"New Brunswick",169
2020-08-16,"New Brunswick",169
2020-08-15,"New Brunswick",169
2020-08-14,"New Brunswick",169
2020-08-13,"New Brunswick",169
2020-08-12,"New Brunswick",168
2020-08-11,"New Brunswick",168
2020-08-10,"New Brunswick",168
2020-08-09,"New Brunswick",168
2020-08-08,"New Brunswick",168
2020-08-07,"New Brunswick",168
2020-08-06,"New Brunswick",168
2020-08-05,"New Brunswick",168
2020-08-04,"New Brunswick",168
2020-08-03,"New Brunswick",168
2020-08-02,"New Brunswick",166
2020-08-01,"New Brunswick",166
2020-07-31,"New Brunswick",166
2020-07-30,"New Brunswick",166
2020-07-29,"New Brunswick",165
2020-07-28,"New Brunswick",165
2020-07-27,"New Brunswick",165
2020-07-26,"New Brunswick",165
2020-07-25,"New Brunswick",165
2020-07-24,"New Brunswick",165
2020-07-23,"New Brunswick",165
2020-07-22,"New Brunswick",165
2020-07-21,"New Brunswick",163
2020-07-20,"New Brunswick",163
2020-07-19,"New Brunswick",163
2020-07-18,"New Brunswick",163
2020-07-17,"New Brunswick",163
2020-07-16,"New Brunswick",163
2020-07-15,"New Brunswick",163
2020-07-14,"New Brunswick",163
2020-07-13,"New Brunswick",163
2020-07-12,"New Brunswick",163
2020-07-11,"New Brunswick",163
2020-07-10,"New Brunswick",163
2020-07-09,"New Brunswick",163
2020-07-08,"New Brunswick",162
2020-07-07,"New Brunswick",162
2020-07-06,"New Brunswick",162
2020-07-05,"New Brunswick",162
2020-07-04,"New Brunswick",162
2020-07-03,"New Brunswick",161
2020-07-02,"New Brunswick",160
2020-07-01,"New Brunswick",160
2020-06-30,"New Brunswick",159
2020-06-29,"New Brunswick",158
2020-06-28,"New Brunswick",158
2020-06-27,"New Brunswick",154
2020-06-26,"New Brunswick",150
2020-06-25,"New Brunswick",149
2020-06-24,"New Brunswick",147
2020-06-23,"New Brunswick",143
2020-06-22,"New Brunswick",135
2020-06-21,"New Brunswick",135
2020-06-20,"New Brunswick",135
2020-06-19,"New Brunswick",135
2020-06-18,"New Brunswick",135
2020-06-17,"New Brunswick",133
2020-06-16,"New Brunswick",131
2020-06-15,"New Brunswick",129
2020-06-14,"New Brunswick",129
2020-06-13,"New Brunswick",126
2020-06-12,"New Brunswick",125
2020-06-11,"New Brunswick",123
2020-06-10,"New Brunswick",121
2020-06-09,"New Brunswick",121
2020-06-08,"New Brunswick",121
2020-06-07,"New Brunswick",121
2020-06-06,"New Brunswick",121
2020-06-05,"New Brunswick",121
2020-06-04,"New Brunswick",120
2020-06-03,"New Brunswick",120
2020-06-02,"New Brunswick",120
2020-06-01,"New Brunswick",120
2020-05-31,"New Brunswick",120
2020-05-30,"New Brunswick",120
2020-05-29,"New Brunswick",120
2020-05-28,"New Brunswick",120
2020-05-27,"New Brunswick",120
2020-05-26,"New Brunswick",120
2020-05-25,"New Brunswick",120
2020-05-24,"New Brunswick",120
2020-05-23,"New Brunswick",120
2020-05-22,"New Brunswick",120
2020-05-21,"New Brunswick",120
2020-05-20,"New Brunswick",120
2020-05-19,"New Brunswick",120
2020-05-18,"New Brunswick",120
2020-05-17,"New Brunswick",120
2020-05-16,"New Brunswick",120
2020-05-15,"New Brunswick",119
2020-05-14,"New Brunswick",118
2020-05-13,"New Brunswick",118
2020-05-12,"New Brunswick",118
2020-05-11,"New Brunswick",118
2020-05-10,"New Brunswick",118
2020-05-09,"New Brunswick",118
2020-05-08,"New Brunswick",118
2020-05-07,"New Brunswick",118
2020-05-06,"New Brunswick",118
2020-05-05,"New Brunswick",118
2020-05-04,"New Brunswick",118
2020-05-03,"New Brunswick",118
2020-05-02,"New Brunswick",118
2020-05-01,"New Brunswick",116
2020-04-30,"New Brunswick",114
2020-04-29,"New Brunswick",114
2020-04-28,"New Brunswick",114
2020-04-27,"New Brunswick",112
2020-04-26,"New Brunswick",111
2020-04-25,"New Brunswick",107
2020-04-24,"New Brunswick",107
2020-04-23,"New Brunswick",104
2020-04-22,"New Brunswick",104
2020-04-21,"New Brunswick",102
2020-04-20,"New Brunswick",98
2020-04-19,"New Brunswick",92
2020-04-18,"New Brunswick",87
2020-04-17,"New Brunswick",83
2020-04-16,"New Brunswick",80
2020-04-15,"New Brunswick",77
2020-04-14,"New Brunswick",75
2020-04-13,"New Brunswick",74
2020-04-12,"New Brunswick",70
2020-04-11,"New Brunswick",70
2020-04-10,"New Brunswick",60
2020-04-09,"New Brunswick",53
2020-04-08,"New Brunswick",50
2020-04-07,"New Brunswick",39
2020-04-06,"New Brunswick",30
2020-04-05,"New Brunswick",28
2020-04-04,"New Brunswick",28
2020-04-03,"New Brunswick",25
2020-04-02,"New Brunswick",22
2020-04-01,"New Brunswick",14
2020-03-31,"New Brunswick",9
2020-03-30,"New Brunswick",2
2020-03-29,"New Brunswick",2
2020-03-28,"New Brunswick",2
2020-03-27,"New Brunswick",1
2020-03-26,"New Brunswick",0
2020-03-25,"New Brunswick",0
2020-03-24,"New Brunswick",0
2020-03-23,"New Brunswick",0
2020-03-22,"New Brunswick",0
2020-03-21,"New Brunswick",0
2020-03-20,"New Brunswick",0
2020-03-19,"New Brunswick",0
2020-03-18,"New Brunswick",0
2020-03-17,"New Brunswick",0
2020-03-16,"New Brunswick",0
2020-03-15,"New Brunswick",0
2020-03-14,"New Brunswick",0
2020-03-13,"New Brunswick",0
2020-03-12,"New Brunswick",0
2020-03-11,"New Brunswick",NA
2020-03-10,"New Brunswick",NA
2020-03-09,"New Brunswick",NA
2020-03-08,"New Brunswick",NA
2020-03-07,"New Brunswick",NA
2020-03-06,"New Brunswick",NA
2020-03-05,"New Brunswick",NA
2020-03-04,"New Brunswick",NA
2020-03-03,"New Brunswick",NA
2020-03-02,"New Brunswick",NA
2020-03-01,"New Brunswick",NA
2020-02-29,"New Brunswick",NA
2020-02-28,"New Brunswick",NA
2020-02-27,"New Brunswick",NA
2020-02-26,"New Brunswick",NA
2020-02-25,"New Brunswick",NA
2020-02-24,"New Brunswick",NA
2020-02-23,"New Brunswick",NA
2020-02-22,"New Brunswick",NA
2020-02-21,"New Brunswick",NA
2020-02-20,"New Brunswick",NA
2020-02-19,"New Brunswick",NA
2020-02-18,"New Brunswick",NA
2020-02-17,"New Brunswick",NA
2020-02-16,"New Brunswick",NA
2020-02-15,"New Brunswick",NA
2020-02-14,"New Brunswick",NA
2020-02-13,"New Brunswick",NA
2020-02-12,"New Brunswick",NA
2020-08-26,"NL",265
2020-08-25,"NL",265
2020-08-24,"NL",265
2020-08-23,"NL",265
2020-08-22,"NL",265
2020-08-21,"NL",265
2020-08-20,"NL",263
2020-08-19,"NL",263
2020-08-18,"NL",263
2020-08-17,"NL",263
2020-08-16,"NL",263
2020-08-15,"NL",263
2020-08-14,"NL",263
2020-08-13,"NL",263
2020-08-12,"NL",263
2020-08-11,"NL",263
2020-08-10,"NL",263
2020-08-09,"NL",263
2020-08-08,"NL",263
2020-08-07,"NL",263
2020-08-06,"NL",263
2020-08-05,"NL",263
2020-08-04,"NL",260
2020-08-03,"NL",259
2020-08-02,"NL",259
2020-08-01,"NL",259
2020-07-31,"NL",259
2020-07-30,"NL",259
2020-07-29,"NL",259
2020-07-28,"NL",259
2020-07-27,"NL",259
2020-07-26,"NL",259
2020-07-25,"NL",259
2020-07-24,"NL",259
2020-07-23,"NL",259
2020-07-22,"NL",259
2020-07-21,"NL",259
2020-07-20,"NL",259
2020-07-19,"NL",259
2020-07-18,"NL",259
2020-07-17,"NL",259
2020-07-16,"NL",258
2020-07-15,"NL",258
2020-07-14,"NL",258
2020-07-13,"NL",258
2020-07-12,"NL",258
2020-07-11,"NL",258
2020-07-10,"NL",258
2020-07-09,"NL",258
2020-07-08,"NL",258
2020-07-07,"NL",258
2020-07-06,"NL",258
2020-07-05,"NL",258
2020-07-04,"NL",258
2020-07-03,"NL",258
2020-07-02,"NL",258
2020-07-01,"NL",258
2020-06-30,"NL",258
2020-06-29,"NL",258
2020-06-28,"NL",258
2020-06-27,"NL",258
2020-06-26,"NL",258
2020-06-25,"NL",258
2020-06-24,"NL",258
2020-06-23,"NL",258
2020-06-22,"NL",258
2020-06-21,"NL",258
2020-06-20,"NL",258
2020-06-19,"NL",258
2020-06-18,"NL",258
2020-06-17,"NL",257
2020-06-16,"NL",257
2020-06-15,"NL",257
2020-06-14,"NL",256
2020-06-13,"NL",256
2020-06-12,"NL",256
2020-06-11,"NL",256
2020-06-10,"NL",256
2020-06-09,"NL",256
2020-06-08,"NL",256
2020-06-07,"NL",256
2020-06-06,"NL",256
2020-06-05,"NL",256
2020-06-04,"NL",256
2020-06-03,"NL",256
2020-06-02,"NL",256
2020-06-01,"NL",255
2020-05-31,"NL",255
2020-05-30,"NL",255
2020-05-29,"NL",255
2020-05-28,"NL",255
2020-05-27,"NL",255
2020-05-26,"NL",255
2020-05-25,"NL",254
2020-05-24,"NL",254
2020-05-23,"NL",254
2020-05-22,"NL",253
2020-05-21,"NL",253
2020-05-20,"NL",253
2020-05-19,"NL",250
2020-05-18,"NL",249
2020-05-17,"NL",249
2020-05-16,"NL",249
2020-05-15,"NL",248
2020-05-14,"NL",248
2020-05-13,"NL",247
2020-05-12,"NL",247
2020-05-11,"NL",244
2020-05-10,"NL",244
2020-05-09,"NL",244
2020-05-08,"NL",244
2020-05-07,"NL",244
2020-05-06,"NL",244
2020-05-05,"NL",241
2020-05-04,"NL",233
2020-05-03,"NL",232
2020-05-02,"NL",231
2020-05-01,"NL",230
2020-04-30,"NL",225
2020-04-29,"NL",225
2020-04-28,"NL",222
2020-04-27,"NL",221
2020-04-26,"NL",219
2020-04-25,"NL",208
2020-04-24,"NL",207
2020-04-23,"NL",205
2020-04-22,"NL",199
2020-04-21,"NL",194
2020-04-20,"NL",191
2020-04-19,"NL",191
2020-04-18,"NL",189
2020-04-17,"NL",176
2020-04-16,"NL",170
2020-04-15,"NL",159
2020-04-14,"NL",149
2020-04-13,"NL",133
2020-04-12,"NL",129
2020-04-11,"NL",120
2020-04-10,"NL",103
2020-04-09,"NL",96
2020-04-08,"NL",74
2020-04-07,"NL",49
2020-04-06,"NL",32
2020-04-05,"NL",28
2020-04-04,"NL",18
2020-04-03,"NL",11
2020-04-02,"NL",10
2020-04-01,"NL",10
2020-03-31,"NL",7
2020-03-30,"NL",7
2020-03-29,"NL",4
2020-03-28,"NL",4
2020-03-27,"NL",1
2020-03-26,"NL",0
2020-03-25,"NL",0
2020-03-24,"NL",0
2020-03-23,"NL",0
2020-03-22,"NL",0
2020-03-21,"NL",0
2020-03-20,"NL",0
2020-03-19,"NL",0
2020-03-18,"NL",0
2020-03-17,"NL",0
2020-03-16,"NL",0
2020-03-15,"NL",0
2020-03-14,"NL",0
2020-03-13,"NL",NA
2020-03-12,"NL",NA
2020-03-11,"NL",NA
2020-03-10,"NL",NA
2020-03-09,"NL",NA
2020-03-08,"NL",NA
2020-03-07,"NL",NA
2020-03-06,"NL",NA
2020-03-05,"NL",NA
2020-03-04,"NL",NA
2020-03-03,"NL",NA
2020-03-02,"NL",NA
2020-03-01,"NL",NA
2020-02-29,"NL",NA
2020-02-28,"NL",NA
2020-02-27,"NL",NA
2020-02-26,"NL",NA
2020-02-25,"NL",NA
2020-02-24,"NL",NA
2020-02-23,"NL",NA
2020-02-22,"NL",NA
2020-02-21,"NL",NA
2020-02-20,"NL",NA
2020-02-19,"NL",NA
2020-02-18,"NL",NA
2020-02-17,"NL",NA
2020-02-16,"NL",NA
2020-02-15,"NL",NA
2020-02-14,"NL",NA
2020-02-13,"NL",NA
2020-02-12,"NL",NA
2020-08-26,"Nova Scotia",1011
2020-08-25,"Nova Scotia",1011
2020-08-24,"Nova Scotia",1008
2020-08-23,"Nova Scotia",1008
2020-08-22,"Nova Scotia",1008
2020-08-21,"Nova Scotia",1008
2020-08-20,"Nova Scotia",1007
2020-08-19,"Nova Scotia",1007
2020-08-18,"Nova Scotia",1007
2020-08-17,"Nova Scotia",1007
2020-08-16,"Nova Scotia",1007
2020-08-15,"Nova Scotia",1007
2020-08-14,"Nova Scotia",1007
2020-08-13,"Nova Scotia",1007
2020-08-12,"Nova Scotia",1007
2020-08-11,"Nova Scotia",1007
2020-08-10,"Nova Scotia",1007
2020-08-09,"Nova Scotia",1006
2020-08-08,"Nova Scotia",1005
2020-08-07,"Nova Scotia",1005
2020-08-06,"Nova Scotia",1005
2020-08-05,"Nova Scotia",1005
2020-08-04,"Nova Scotia",1005
2020-08-03,"Nova Scotia",1005
2020-08-02,"Nova Scotia",1003
2020-08-01,"Nova Scotia",1003
2020-07-31,"Nova Scotia",1003
2020-07-30,"Nova Scotia",1003
2020-07-29,"Nova Scotia",1003
2020-07-28,"Nova Scotia",1004
2020-07-27,"Nova Scotia",1004
2020-07-26,"Nova Scotia",1004
2020-07-25,"Nova Scotia",1003
2020-07-24,"Nova Scotia",1003
2020-07-23,"Nova Scotia",1003
2020-07-22,"Nova Scotia",1003
2020-07-21,"Nova Scotia",1003
2020-07-20,"Nova Scotia",1003
2020-07-19,"Nova Scotia",1002
2020-07-18,"Nova Scotia",1002
2020-07-17,"Nova Scotia",1002
2020-07-16,"Nova Scotia",1002
2020-07-15,"Nova Scotia",1002
2020-07-14,"Nova Scotia",1002
2020-07-13,"Nova Scotia",1000
2020-07-12,"Nova Scotia",1000
2020-07-11,"Nova Scotia",1000
2020-07-10,"Nova Scotia",1000
2020-07-09,"Nova Scotia",999
2020-07-08,"Nova Scotia",998
2020-07-07,"Nova Scotia",998
2020-07-06,"Nova Scotia",998
2020-07-05,"Nova Scotia",998
2020-07-04,"Nova Scotia",998
2020-07-03,"Nova Scotia",998
2020-07-02,"Nova Scotia",998
2020-07-01,"Nova Scotia",998
2020-06-30,"Nova Scotia",998
2020-06-29,"Nova Scotia",998
2020-06-28,"Nova Scotia",998
2020-06-27,"Nova Scotia",998
2020-06-26,"Nova Scotia",998
2020-06-25,"Nova Scotia",998
2020-06-24,"Nova Scotia",998
2020-06-23,"Nova Scotia",998
2020-06-22,"Nova Scotia",998
2020-06-21,"Nova Scotia",998
2020-06-20,"Nova Scotia",998
2020-06-19,"Nova Scotia",998
2020-06-18,"Nova Scotia",997
2020-06-17,"Nova Scotia",997
2020-06-16,"Nova Scotia",997
2020-06-15,"Nova Scotia",996
2020-06-14,"Nova Scotia",996
2020-06-13,"Nova Scotia",996
2020-06-12,"Nova Scotia",995
2020-06-11,"Nova Scotia",995
2020-06-10,"Nova Scotia",994
2020-06-09,"Nova Scotia",994
2020-06-08,"Nova Scotia",994
2020-06-07,"Nova Scotia",994
2020-06-06,"Nova Scotia",994
2020-06-05,"Nova Scotia",994
2020-06-04,"Nova Scotia",994
2020-06-03,"Nova Scotia",993
2020-06-02,"Nova Scotia",992
2020-06-01,"Nova Scotia",984
2020-05-31,"Nova Scotia",981
2020-05-30,"Nova Scotia",978
2020-05-29,"Nova Scotia",978
2020-05-28,"Nova Scotia",977
2020-05-27,"Nova Scotia",975
2020-05-26,"Nova Scotia",976
2020-05-25,"Nova Scotia",974
2020-05-24,"Nova Scotia",973
2020-05-23,"Nova Scotia",969
2020-05-22,"Nova Scotia",961
2020-05-21,"Nova Scotia",959
2020-05-20,"Nova Scotia",956
2020-05-19,"Nova Scotia",956
2020-05-18,"Nova Scotia",946
2020-05-17,"Nova Scotia",938
2020-05-16,"Nova Scotia",930
2020-05-15,"Nova Scotia",918
2020-05-14,"Nova Scotia",909
2020-05-13,"Nova Scotia",870
2020-05-12,"Nova Scotia",864
2020-05-11,"Nova Scotia",767
2020-05-10,"Nova Scotia",749
2020-05-09,"Nova Scotia",743
2020-05-08,"Nova Scotia",722
2020-05-07,"Nova Scotia",708
2020-05-06,"Nova Scotia",661
2020-05-05,"Nova Scotia",652
2020-05-04,"Nova Scotia",638
2020-05-03,"Nova Scotia",624
2020-05-02,"Nova Scotia",609
2020-05-01,"Nova Scotia",592
2020-04-30,"Nova Scotia",545
2020-04-29,"Nova Scotia",529
2020-04-28,"Nova Scotia",522
2020-04-27,"Nova Scotia",509
2020-04-26,"Nova Scotia",439
2020-04-25,"Nova Scotia",412
2020-04-24,"Nova Scotia",392
2020-04-23,"Nova Scotia",358
2020-04-22,"Nova Scotia",330
2020-04-21,"Nova Scotia",286
2020-04-20,"Nova Scotia",248
2020-04-19,"Nova Scotia",200
2020-04-18,"Nova Scotia",184
2020-04-17,"Nova Scotia",177
2020-04-16,"Nova Scotia",176
2020-04-15,"Nova Scotia",137
2020-04-14,"Nova Scotia",124
2020-04-13,"Nova Scotia",101
2020-04-12,"Nova Scotia",97
2020-04-11,"Nova Scotia",95
2020-04-10,"Nova Scotia",93
2020-04-09,"Nova Scotia",82
2020-04-08,"Nova Scotia",77
2020-04-07,"Nova Scotia",66
2020-04-06,"Nova Scotia",64
2020-04-05,"Nova Scotia",53
2020-04-04,"Nova Scotia",50
2020-04-03,"Nova Scotia",21
2020-04-02,"Nova Scotia",16
2020-04-01,"Nova Scotia",11
2020-03-31,"Nova Scotia",10
2020-03-30,"Nova Scotia",10
2020-03-29,"Nova Scotia",7
2020-03-28,"Nova Scotia",4
2020-03-27,"Nova Scotia",3
2020-03-26,"Nova Scotia",2
2020-03-25,"Nova Scotia",2
2020-03-24,"Nova Scotia",1
2020-03-23,"Nova Scotia",0
2020-03-22,"Nova Scotia",0
2020-03-21,"Nova Scotia",0
2020-03-20,"Nova Scotia",0
2020-03-19,"Nova Scotia",0
2020-03-18,"Nova Scotia",0
2020-03-17,"Nova Scotia",0
2020-03-16,"Nova Scotia",0
2020-03-15,"Nova Scotia",0
2020-03-14,"Nova Scotia",NA
2020-03-13,"Nova Scotia",NA
2020-03-12,"Nova Scotia",NA
2020-03-11,"Nova Scotia",NA
2020-03-10,"Nova Scotia",NA
2020-03-09,"Nova Scotia",NA
2020-03-08,"Nova Scotia",NA
2020-03-07,"Nova Scotia",NA
2020-03-06,"Nova Scotia",NA
2020-03-05,"Nova Scotia",NA
2020-03-04,"Nova Scotia",NA
2020-03-03,"Nova Scotia",NA
2020-03-02,"Nova Scotia",NA
2020-03-01,"Nova Scotia",NA
2020-02-29,"Nova Scotia",NA
2020-02-28,"Nova Scotia",NA
2020-02-27,"Nova Scotia",NA
2020-02-26,"Nova Scotia",NA
2020-02-25,"Nova Scotia",NA
2020-02-24,"Nova Scotia",NA
2020-02-23,"Nova Scotia",NA
2020-02-22,"Nova Scotia",NA
2020-02-21,"Nova Scotia",NA
2020-02-20,"Nova Scotia",NA
2020-02-19,"Nova Scotia",NA
2020-02-18,"Nova Scotia",NA
2020-02-17,"Nova Scotia",NA
2020-02-16,"Nova Scotia",NA
2020-02-15,"Nova Scotia",NA
2020-02-14,"Nova Scotia",NA
2020-02-13,"Nova Scotia",NA
2020-02-12,"Nova Scotia",NA
2020-08-26,"Ontario",37863
2020-08-25,"Ontario",37748
2020-08-24,"Ontario",37673
2020-08-23,"Ontario",37595
2020-08-22,"Ontario",37487
2020-08-21,"Ontario",37397
2020-08-20,"Ontario",37291
2020-08-19,"Ontario",37215
2020-08-18,"Ontario",37126
2020-08-17,"Ontario",37036
2020-08-16,"Ontario",36953
2020-08-15,"Ontario",36873
2020-08-14,"Ontario",36772
2020-08-13,"Ontario",36689
2020-08-12,"Ontario",36590
2020-08-11,"Ontario",36456
2020-08-10,"Ontario",36381
2020-08-09,"Ontario",36279
2020-08-08,"Ontario",36131
2020-08-07,"Ontario",36024
2020-08-06,"Ontario",35906
2020-08-05,"Ontario",35747
2020-08-04,"Ontario",35601
2020-08-03,"Ontario",35359
2020-08-02,"Ontario",35359
2020-08-01,"Ontario",35237
2020-07-31,"Ontario",35074
2020-07-30,"Ontario",34906
2020-07-29,"Ontario",34741
2020-07-28,"Ontario",34567
2020-07-27,"Ontario",34461
2020-07-26,"Ontario",34359
2020-07-25,"Ontario",34240
2020-07-24,"Ontario",34100
2020-07-23,"Ontario",33963
2020-07-22,"Ontario",33812
2020-07-21,"Ontario",33605
2020-07-20,"Ontario",33513
2020-07-19,"Ontario",33407
2020-07-18,"Ontario",33294
2020-07-17,"Ontario",33162
2020-07-16,"Ontario",33061
2020-07-15,"Ontario",32920
2020-07-14,"Ontario",32785
2020-07-13,"Ontario",32663
2020-07-12,"Ontario",32534
2020-07-11,"Ontario",32422
2020-07-10,"Ontario",32155
2020-07-09,"Ontario",31977
2020-07-08,"Ontario",31805
2020-07-07,"Ontario",31603
2020-07-06,"Ontario",31426
2020-07-05,"Ontario",31266
2020-07-04,"Ontario",31083
2020-07-03,"Ontario",30909
2020-07-02,"Ontario",30730
2020-07-01,"Ontario",30344
2020-06-30,"Ontario",30344
2020-06-29,"Ontario",30196
2020-06-28,"Ontario",30107
2020-06-27,"Ontario",29932
2020-06-26,"Ontario",29754
2020-06-25,"Ontario",29528
2020-06-24,"Ontario",29336
2020-06-23,"Ontario",29107
2020-06-22,"Ontario",28933
2020-06-21,"Ontario",28719
2020-06-20,"Ontario",28468
2020-06-19,"Ontario",28250
2020-06-18,"Ontario",28004
2020-06-17,"Ontario",27784
2020-06-16,"Ontario",27431
2020-06-15,"Ontario",27213
2020-06-14,"Ontario",26961
2020-06-13,"Ontario",26538
2020-06-12,"Ontario",26187
2020-06-11,"Ontario",25885
2020-06-10,"Ontario",25380
2020-06-09,"Ontario",24829
2020-06-08,"Ontario",24492
2020-06-07,"Ontario",24252
2020-06-06,"Ontario",23947
2020-06-05,"Ontario",23583
2020-06-04,"Ontario",23208
2020-06-03,"Ontario",22811
2020-06-02,"Ontario",22484
2020-06-01,"Ontario",22153
2020-05-31,"Ontario",21810
2020-05-30,"Ontario",21353
2020-05-29,"Ontario",20983
2020-05-28,"Ontario",20673
2020-05-27,"Ontario",20372
2020-05-26,"Ontario",19958
2020-05-25,"Ontario",19698
2020-05-24,"Ontario",19477
2020-05-23,"Ontario",19146
2020-05-22,"Ontario",18767
2020-05-21,"Ontario",18509
2020-05-20,"Ontario",18190
2020-05-19,"Ontario",17898
2020-05-18,"Ontario",17638
2020-05-17,"Ontario",17360
2020-05-16,"Ontario",17020
2020-05-15,"Ontario",16641
2020-05-14,"Ontario",16204
2020-05-13,"Ontario",15845
2020-05-12,"Ontario",15391
2020-05-11,"Ontario",15131
2020-05-10,"Ontario",14772
2020-05-09,"Ontario",14383
2020-05-08,"Ontario",13990
2020-05-07,"Ontario",13569
2020-05-06,"Ontario",13222
2020-05-05,"Ontario",12779
2020-05-04,"Ontario",12505
2020-05-03,"Ontario",12005
2020-05-02,"Ontario",11390
2020-05-01,"Ontario",10825
2020-04-30,"Ontario",10205
2020-04-29,"Ontario",9612
2020-04-28,"Ontario",8964
2020-04-27,"Ontario",8525
2020-04-26,"Ontario",8000
2020-04-25,"Ontario",7509
2020-04-24,"Ontario",7087
2020-04-23,"Ontario",6680
2020-04-22,"Ontario",6221
2020-04-21,"Ontario",5806
2020-04-20,"Ontario",5515
2020-04-19,"Ontario",5209
2020-04-18,"Ontario",4875
2020-04-17,"Ontario",4556
2020-04-16,"Ontario",4194
2020-04-15,"Ontario",3902
2020-04-14,"Ontario",3568
2020-04-13,"Ontario",3357
2020-04-12,"Ontario",3121
2020-04-11,"Ontario",2858
2020-04-10,"Ontario",2574
2020-04-09,"Ontario",2305
2020-04-08,"Ontario",2074
2020-04-07,"Ontario",1802
2020-04-06,"Ontario",1624
2020-04-05,"Ontario",1449
2020-04-04,"Ontario",1219
2020-04-03,"Ontario",1023
2020-04-02,"Ontario",831
2020-04-01,"Ontario",689
2020-03-31,"Ontario",534
2020-03-30,"Ontario",431
2020-03-29,"Ontario",8
2020-03-28,"Ontario",8
2020-03-27,"Ontario",8
2020-03-26,"Ontario",8
2020-03-25,"Ontario",8
2020-03-24,"Ontario",8
2020-03-23,"Ontario",8
2020-03-22,"Ontario",8
2020-03-21,"Ontario",6
2020-03-20,"Ontario",5
2020-03-19,"Ontario",5
2020-03-18,"Ontario",5
2020-03-17,"Ontario",5
2020-03-16,"Ontario",5
2020-03-15,"Ontario",5
2020-03-14,"Ontario",5
2020-03-13,"Ontario",5
2020-03-12,"Ontario",5
2020-03-11,"Ontario",5
2020-03-10,"Ontario",5
2020-03-09,"Ontario",5
2020-03-08,"Ontario",4
2020-03-07,"Ontario",4
2020-03-06,"Ontario",4
2020-03-05,"Ontario",4
2020-03-04,"Ontario",3
2020-03-03,"Ontario",3
2020-03-02,"Ontario",3
2020-03-01,"Ontario",3
2020-02-29,"Ontario",3
2020-02-28,"Ontario",3
2020-02-27,"Ontario",3
2020-02-26,"Ontario",3
2020-02-25,"Ontario",3
2020-02-24,"Ontario",3
2020-02-23,"Ontario",3
2020-02-22,"Ontario",3
2020-02-21,"Ontario",3
2020-02-20,"Ontario",2
2020-02-19,"Ontario",1
2020-02-18,"Ontario",1
2020-02-17,"Ontario",1
2020-02-16,"Ontario",1
2020-02-15,"Ontario",1
2020-02-14,"Ontario",1
2020-02-13,"Ontario",1
2020-02-12,"Ontario",1
2020-08-26,"PEI",41
2020-08-25,"PEI",41
2020-08-24,"PEI",36
2020-08-23,"PEI",36
2020-08-22,"PEI",36
2020-08-21,"PEI",36
2020-08-20,"PEI",36
2020-08-19,"PEI",36
2020-08-18,"PEI",36
2020-08-17,"PEI",36
2020-08-16,"PEI",36
2020-08-15,"PEI",36
2020-08-14,"PEI",36
2020-08-13,"PEI",36
2020-08-12,"PEI",36
2020-08-11,"PEI",36
2020-08-10,"PEI",36
2020-08-09,"PEI",36
2020-08-08,"PEI",36
2020-08-07,"PEI",36
2020-08-06,"PEI",36
2020-08-05,"PEI",36
2020-08-04,"PEI",36
2020-08-03,"PEI",36
2020-08-02,"PEI",36
2020-08-01,"PEI",36
2020-07-31,"PEI",36
2020-07-30,"PEI",36
2020-07-29,"PEI",36
2020-07-28,"PEI",36
2020-07-27,"PEI",34
2020-07-26,"PEI",34
2020-07-25,"PEI",34
2020-07-24,"PEI",34
2020-07-23,"PEI",34
2020-07-22,"PEI",34
2020-07-21,"PEI",33
2020-07-20,"PEI",31
2020-07-19,"PEI",29
2020-07-18,"PEI",29
2020-07-17,"PEI",29
2020-07-16,"PEI",27
2020-07-15,"PEI",27
2020-07-14,"PEI",27
2020-07-13,"PEI",27
2020-07-12,"PEI",27
2020-07-11,"PEI",27
2020-07-10,"PEI",27
2020-07-09,"PEI",27
2020-07-08,"PEI",27
2020-07-07,"PEI",27
2020-07-06,"PEI",27
2020-07-05,"PEI",27
2020-07-04,"PEI",27
2020-07-03,"PEI",27
2020-07-02,"PEI",27
2020-07-01,"PEI",27
2020-06-30,"PEI",27
2020-06-29,"PEI",27
2020-06-28,"PEI",27
2020-06-27,"PEI",27
2020-06-26,"PEI",27
2020-06-25,"PEI",27
2020-06-24,"PEI",27
2020-06-23,"PEI",27
2020-06-22,"PEI",27
2020-06-21,"PEI",27
2020-06-20,"PEI",27
2020-06-19,"PEI",27
2020-06-18,"PEI",27
2020-06-17,"PEI",27
2020-06-16,"PEI",27
2020-06-15,"PEI",27
2020-06-14,"PEI",27
2020-06-13,"PEI",27
2020-06-12,"PEI",27
2020-06-11,"PEI",27
2020-06-10,"PEI",27
2020-06-09,"PEI",27
2020-06-08,"PEI",27
2020-06-07,"PEI",27
2020-06-06,"PEI",27
2020-06-05,"PEI",27
2020-06-04,"PEI",27
2020-06-03,"PEI",27
2020-06-02,"PEI",27
2020-06-01,"PEI",27
2020-05-31,"PEI",27
2020-05-30,"PEI",27
2020-05-29,"PEI",27
2020-05-28,"PEI",27
2020-05-27,"PEI",27
2020-05-26,"PEI",27
2020-05-25,"PEI",27
2020-05-24,"PEI",27
2020-05-23,"PEI",27
2020-05-22,"PEI",27
2020-05-21,"PEI",27
2020-05-20,"PEI",27
2020-05-19,"PEI",27
2020-05-18,"PEI",27
2020-05-17,"PEI",27
2020-05-16,"PEI",27
2020-05-15,"PEI",27
2020-05-14,"PEI",27
2020-05-13,"PEI",27
2020-05-12,"PEI",27
2020-05-11,"PEI",27
2020-05-10,"PEI",27
2020-05-09,"PEI",27
2020-05-08,"PEI",27
2020-05-07,"PEI",26
2020-05-06,"PEI",26
2020-05-05,"PEI",25
2020-05-04,"PEI",25
2020-05-03,"PEI",24
2020-05-02,"PEI",24
2020-05-01,"PEI",24
2020-04-30,"PEI",24
2020-04-29,"PEI",24
2020-04-28,"PEI",24
2020-04-27,"PEI",24
2020-04-26,"PEI",24
2020-04-25,"PEI",24
2020-04-24,"PEI",24
2020-04-23,"PEI",24
2020-04-22,"PEI",24
2020-04-21,"PEI",23
2020-04-20,"PEI",23
2020-04-19,"PEI",23
2020-04-18,"PEI",23
2020-04-17,"PEI",23
2020-04-16,"PEI",23
2020-04-15,"PEI",23
2020-04-14,"PEI",23
2020-04-13,"PEI",23
2020-04-12,"PEI",17
2020-04-11,"PEI",17
2020-04-10,"PEI",17
2020-04-09,"PEI",17
2020-04-08,"PEI",17
2020-04-07,"PEI",8
2020-04-06,"PEI",8
2020-04-05,"PEI",6
2020-04-04,"PEI",6
2020-04-03,"PEI",4
2020-04-02,"PEI",3
2020-04-01,"PEI",3
2020-03-31,"PEI",1
2020-03-30,"PEI",1
2020-03-29,"PEI",1
2020-03-28,"PEI",1
2020-03-27,"PEI",1
2020-03-26,"PEI",1
2020-03-25,"PEI",0
2020-03-24,"PEI",0
2020-03-23,"PEI",0
2020-03-22,"PEI",0
2020-03-21,"PEI",0
2020-03-20,"PEI",0
2020-03-19,"PEI",0
2020-03-18,"PEI",0
2020-03-17,"PEI",0
2020-03-16,"PEI",0
2020-03-15,"PEI",0
2020-03-14,"PEI",0
2020-03-13,"PEI",NA
2020-03-12,"PEI",NA
2020-03-11,"PEI",NA
2020-03-10,"PEI",NA
2020-03-09,"PEI",NA
2020-03-08,"PEI",NA
2020-03-07,"PEI",NA
2020-03-06,"PEI",NA
2020-03-05,"PEI",NA
2020-03-04,"PEI",NA
2020-03-03,"PEI",NA
2020-03-02,"PEI",NA
2020-03-01,"PEI",NA
2020-02-29,"PEI",NA
2020-02-28,"PEI",NA
2020-02-27,"PEI",NA
2020-02-26,"PEI",NA
2020-02-25,"PEI",NA
2020-02-24,"PEI",NA
2020-02-23,"PEI",NA
2020-02-22,"PEI",NA
2020-02-21,"PEI",NA
2020-02-20,"PEI",NA
2020-02-19,"PEI",NA
2020-02-18,"PEI",NA
2020-02-17,"PEI",NA
2020-02-16,"PEI",NA
2020-02-15,"PEI",NA
2020-02-14,"PEI",NA
2020-02-13,"PEI",NA
2020-02-12,"PEI",NA
2020-08-26,"Quebec",54922
2020-08-25,"Quebec",54850
2020-08-24,"Quebec",54761
2020-08-23,"Quebec",54682
2020-08-22,"Quebec",54576
2020-08-21,"Quebec",54472
2020-08-20,"Quebec",54383
2020-08-19,"Quebec",54238
2020-08-18,"Quebec",54083
2020-08-17,"Quebec",53930
2020-08-16,"Quebec",53847
2020-08-15,"Quebec",53709
2020-08-14,"Quebec",53598
2020-08-13,"Quebec",53441
2020-08-12,"Quebec",53270
2020-08-11,"Quebec",53135
2020-08-10,"Quebec",53041
2020-08-09,"Quebec",50886
2020-08-08,"Quebec",50886
2020-08-07,"Quebec",50886
2020-08-06,"Quebec",50886
2020-08-05,"Quebec",50886
2020-08-04,"Quebec",50886
2020-08-03,"Quebec",50886
2020-08-02,"Quebec",50886
2020-08-01,"Quebec",50886
2020-07-31,"Quebec",50886
2020-07-30,"Quebec",50886
2020-07-29,"Quebec",50886
2020-07-28,"Quebec",50886
2020-07-27,"Quebec",50886
2020-07-26,"Quebec",50812
2020-07-25,"Quebec",50703
2020-07-24,"Quebec",50615
2020-07-23,"Quebec",50505
2020-07-22,"Quebec",50373
2020-07-21,"Quebec",50298
2020-07-20,"Quebec",50190
2020-07-19,"Quebec",50050
2020-07-18,"Quebec",50027
2020-07-17,"Quebec",49939
2020-07-16,"Quebec",26253
2020-07-15,"Quebec",26097
2020-07-14,"Quebec",26025
2020-07-13,"Quebec",25911
2020-07-12,"Quebec",25862
2020-07-11,"Quebec",25773
2020-07-10,"Quebec",25675
2020-07-09,"Quebec",25616
2020-07-08,"Quebec",25534
2020-07-07,"Quebec",25458
2020-07-06,"Quebec",25378
2020-07-05,"Quebec",25346
2020-07-04,"Quebec",25280
2020-07-03,"Quebec",25158
2020-07-02,"Quebec",25034
2020-07-01,"Quebec",24949
2020-06-30,"Quebec",24798
2020-06-29,"Quebec",24602
2020-06-28,"Quebec",23786
2020-06-27,"Quebec",23786
2020-06-26,"Quebec",23786
2020-06-25,"Quebec",23786
2020-06-24,"Quebec",23710
2020-06-23,"Quebec",23620
2020-06-22,"Quebec",23506
2020-06-21,"Quebec",23322
2020-06-20,"Quebec",23201
2020-06-19,"Quebec",22972
2020-06-18,"Quebec",22754
2020-06-17,"Quebec",22549
2020-06-16,"Quebec",22350
2020-06-15,"Quebec",22213
2020-06-14,"Quebec",21742
2020-06-13,"Quebec",21281
2020-06-12,"Quebec",20823
2020-06-11,"Quebec",20299
2020-06-10,"Quebec",19841
2020-06-09,"Quebec",19361
2020-06-08,"Quebec",18994
2020-06-07,"Quebec",18714
2020-06-06,"Quebec",18412
2020-06-05,"Quebec",17764
2020-06-04,"Quebec",17336
2020-06-03,"Quebec",17098
2020-06-02,"Quebec",16803
2020-06-01,"Quebec",16597
2020-05-31,"Quebec",16346
2020-05-30,"Quebec",16070
2020-05-29,"Quebec",15908
2020-05-28,"Quebec",15618
2020-05-27,"Quebec",15319
2020-05-26,"Quebec",14999
2020-05-25,"Quebec",14654
2020-05-24,"Quebec",14331
2020-05-23,"Quebec",14044
2020-05-22,"Quebec",13819
2020-05-21,"Quebec",13327
2020-05-20,"Quebec",12822
2020-05-19,"Quebec",12497
2020-05-18,"Quebec",12045
2020-05-17,"Quebec",11754
2020-05-16,"Quebec",11458
2020-05-15,"Quebec",11039
2020-05-14,"Quebec",10829
2020-05-13,"Quebec",10470
2020-05-12,"Quebec",10056
2020-05-11,"Quebec",9703
2020-05-10,"Quebec",9526
2020-05-09,"Quebec",9268
2020-05-08,"Quebec",8928
2020-05-07,"Quebec",8673
2020-05-06,"Quebec",8284
2020-05-05,"Quebec",7923
2020-05-04,"Quebec",7578
2020-05-03,"Quebec",7258
2020-05-02,"Quebec",6965
2020-05-01,"Quebec",6700
2020-04-30,"Quebec",6299
2020-04-29,"Quebec",6048
2020-04-28,"Quebec",5841
2020-04-27,"Quebec",5517
2020-04-26,"Quebec",5342
2020-04-25,"Quebec",5057
2020-04-24,"Quebec",4724
2020-04-23,"Quebec",4484
2020-04-22,"Quebec",4291
2020-04-21,"Quebec",4048
2020-04-20,"Quebec",3847
2020-04-19,"Quebec",3555
2020-04-18,"Quebec",3315
2020-04-17,"Quebec",3068
2020-04-16,"Quebec",2841
2020-04-15,"Quebec",2491
2020-04-14,"Quebec",2146
2020-04-13,"Quebec",1982
2020-04-12,"Quebec",1745
2020-04-11,"Quebec",1563
2020-04-10,"Quebec",1341
2020-04-09,"Quebec",1112
2020-04-08,"Quebec",827
2020-04-07,"Quebec",720
2020-04-06,"Quebec",611
2020-04-05,"Quebec",464
2020-04-04,"Quebec",437
2020-04-03,"Quebec",306
2020-04-02,"Quebec",224
2020-04-01,"Quebec",155
2020-03-31,"Quebec",84
2020-03-30,"Quebec",84
2020-03-29,"Quebec",84
2020-03-28,"Quebec",29
2020-03-27,"Quebec",29
2020-03-26,"Quebec",1
2020-03-25,"Quebec",1
2020-03-24,"Quebec",1
2020-03-23,"Quebec",1
2020-03-22,"Quebec",1
2020-03-21,"Quebec",1
2020-03-20,"Quebec",1
2020-03-19,"Quebec",1
2020-03-18,"Quebec",1
2020-03-17,"Quebec",0
2020-03-16,"Quebec",0
2020-03-15,"Quebec",0
2020-03-14,"Quebec",0
2020-03-13,"Quebec",0
2020-03-12,"Quebec",0
2020-03-11,"Quebec",0
2020-03-10,"Quebec",0
2020-03-09,"Quebec",0
2020-03-08,"Quebec",0
2020-03-07,"Quebec",0
2020-03-06,"Quebec",0
2020-03-05,"Quebec",0
2020-03-04,"Quebec",0
2020-03-03,"Quebec",0
2020-03-02,"Quebec",0
2020-03-01,"Quebec",0
2020-02-29,"Quebec",0
2020-02-28,"Quebec",0
2020-02-27,"Quebec",0
2020-02-26,"Quebec",NA
2020-02-25,"Quebec",NA
2020-02-24,"Quebec",NA
2020-02-23,"Quebec",NA
2020-02-22,"Quebec",NA
2020-02-21,"Quebec",NA
2020-02-20,"Quebec",NA
2020-02-19,"Quebec",NA
2020-02-18,"Quebec",NA
2020-02-17,"Quebec",NA
2020-02-16,"Quebec",NA
2020-02-15,"Quebec",NA
2020-02-14,"Quebec",NA
2020-02-13,"Quebec",NA
2020-02-12,"Quebec",NA
2020-08-26,"Saskatchewan",1520
2020-08-25,"Saskatchewan",1490
2020-08-24,"Saskatchewan",1482
2020-08-23,"Saskatchewan",1472
2020-08-22,"Saskatchewan",1458
2020-08-21,"Saskatchewan",1439
2020-08-20,"Saskatchewan",1419
2020-08-19,"Saskatchewan",1410
2020-08-18,"Saskatchewan",1403
2020-08-17,"Saskatchewan",1387
2020-08-16,"Saskatchewan",1365
2020-08-15,"Saskatchewan",1356
2020-08-14,"Saskatchewan",1347
2020-08-13,"Saskatchewan",1325
2020-08-12,"Saskatchewan",1314
2020-08-11,"Saskatchewan",1294
2020-08-10,"Saskatchewan",1265
2020-08-09,"Saskatchewan",1257
2020-08-08,"Saskatchewan",1245
2020-08-07,"Saskatchewan",1221
2020-08-06,"Saskatchewan",1164
2020-08-05,"Saskatchewan",1133
2020-08-04,"Saskatchewan",1097
2020-08-03,"Saskatchewan",1089
2020-08-02,"Saskatchewan",1070
2020-08-01,"Saskatchewan",1054
2020-07-31,"Saskatchewan",1008
2020-07-30,"Saskatchewan",984
2020-07-29,"Saskatchewan",929
2020-07-28,"Saskatchewan",907
2020-07-27,"Saskatchewan",886
2020-07-26,"Saskatchewan",873
2020-07-25,"Saskatchewan",862
2020-07-24,"Saskatchewan",848
2020-07-23,"Saskatchewan",838
2020-07-22,"Saskatchewan",825
2020-07-21,"Saskatchewan",813
2020-07-20,"Saskatchewan",802
2020-07-19,"Saskatchewan",799
2020-07-18,"Saskatchewan",793
2020-07-17,"Saskatchewan",793
2020-07-16,"Saskatchewan",794
2020-07-15,"Saskatchewan",791
2020-07-14,"Saskatchewan",785
2020-07-13,"Saskatchewan",766
2020-07-12,"Saskatchewan",757
2020-07-11,"Saskatchewan",757
2020-07-10,"Saskatchewan",757
2020-07-09,"Saskatchewan",750
2020-07-08,"Saskatchewan",746
2020-07-07,"Saskatchewan",737
2020-07-06,"Saskatchewan",732
2020-07-05,"Saskatchewan",711
2020-07-04,"Saskatchewan",711
2020-07-03,"Saskatchewan",711
2020-07-02,"Saskatchewan",701
2020-07-01,"Saskatchewan",684
2020-06-30,"Saskatchewan",684
2020-06-29,"Saskatchewan",679
2020-06-28,"Saskatchewan",661
2020-06-27,"Saskatchewan",661
2020-06-26,"Saskatchewan",654
2020-06-25,"Saskatchewan",648
2020-06-24,"Saskatchewan",643
2020-06-23,"Saskatchewan",642
2020-06-22,"Saskatchewan",643
2020-06-21,"Saskatchewan",643
2020-06-20,"Saskatchewan",639
2020-06-19,"Saskatchewan",636
2020-06-18,"Saskatchewan",636
2020-06-17,"Saskatchewan",633
2020-06-16,"Saskatchewan",631
2020-06-15,"Saskatchewan",629
2020-06-14,"Saskatchewan",628
2020-06-13,"Saskatchewan",627
2020-06-12,"Saskatchewan",627
2020-06-11,"Saskatchewan",626
2020-06-10,"Saskatchewan",624
2020-06-09,"Saskatchewan",624
2020-06-08,"Saskatchewan",624
2020-06-07,"Saskatchewan",623
2020-06-06,"Saskatchewan",611
2020-06-05,"Saskatchewan",611
2020-06-04,"Saskatchewan",608
2020-06-03,"Saskatchewan",602
2020-06-02,"Saskatchewan",602
2020-06-01,"Saskatchewan",588
2020-05-31,"Saskatchewan",582
2020-05-30,"Saskatchewan",580
2020-05-29,"Saskatchewan",570
2020-05-28,"Saskatchewan",568
2020-05-27,"Saskatchewan",559
2020-05-26,"Saskatchewan",549
2020-05-25,"Saskatchewan",546
2020-05-24,"Saskatchewan",538
2020-05-23,"Saskatchewan",535
2020-05-22,"Saskatchewan",521
2020-05-21,"Saskatchewan",509
2020-05-20,"Saskatchewan",494
2020-05-19,"Saskatchewan",470
2020-05-18,"Saskatchewan",455
2020-05-17,"Saskatchewan",444
2020-05-16,"Saskatchewan",433
2020-05-15,"Saskatchewan",408
2020-05-14,"Saskatchewan",398
2020-05-13,"Saskatchewan",385
2020-05-12,"Saskatchewan",374
2020-05-11,"Saskatchewan",363
2020-05-10,"Saskatchewan",349
2020-05-09,"Saskatchewan",340
2020-05-08,"Saskatchewan",335
2020-05-07,"Saskatchewan",329
2020-05-06,"Saskatchewan",312
2020-05-05,"Saskatchewan",310
2020-05-04,"Saskatchewan",307
2020-05-03,"Saskatchewan",305
2020-05-02,"Saskatchewan",302
2020-05-01,"Saskatchewan",297
2020-04-30,"Saskatchewan",295
2020-04-29,"Saskatchewan",291
2020-04-28,"Saskatchewan",291
2020-04-27,"Saskatchewan",288
2020-04-26,"Saskatchewan",288
2020-04-25,"Saskatchewan",288
2020-04-24,"Saskatchewan",280
2020-04-23,"Saskatchewan",270
2020-04-22,"Saskatchewan",261
2020-04-21,"Saskatchewan",252
2020-04-20,"Saskatchewan",238
2020-04-19,"Saskatchewan",234
2020-04-18,"Saskatchewan",234
2020-04-17,"Saskatchewan",228
2020-04-16,"Saskatchewan",219
2020-04-15,"Saskatchewan",205
2020-04-14,"Saskatchewan",187
2020-04-13,"Saskatchewan",178
2020-04-12,"Saskatchewan",164
2020-04-11,"Saskatchewan",147
2020-04-10,"Saskatchewan",136
2020-04-09,"Saskatchewan",115
2020-04-08,"Saskatchewan",103
2020-04-07,"Saskatchewan",88
2020-04-06,"Saskatchewan",81
2020-04-05,"Saskatchewan",67
2020-04-04,"Saskatchewan",55
2020-04-03,"Saskatchewan",48
2020-04-02,"Saskatchewan",36
2020-04-01,"Saskatchewan",30
2020-03-31,"Saskatchewan",21
2020-03-30,"Saskatchewan",14
2020-03-29,"Saskatchewan",8
2020-03-28,"Saskatchewan",4
2020-03-27,"Saskatchewan",3
2020-03-26,"Saskatchewan",3
2020-03-25,"Saskatchewan",0
2020-03-24,"Saskatchewan",0
2020-03-23,"Saskatchewan",0
2020-03-22,"Saskatchewan",0
2020-03-21,"Saskatchewan",0
2020-03-20,"Saskatchewan",0
2020-03-19,"Saskatchewan",0
2020-03-18,"Saskatchewan",0
2020-03-17,"Saskatchewan",0
2020-03-16,"Saskatchewan",0
2020-03-15,"Saskatchewan",0
2020-03-14,"Saskatchewan",0
2020-03-13,"Saskatchewan",0
2020-03-12,"Saskatchewan",0
2020-03-11,"Saskatchewan",NA
2020-03-10,"Saskatchewan",NA
2020-03-09,"Saskatchewan",NA
2020-03-08,"Saskatchewan",NA
2020-03-07,"Saskatchewan",NA
2020-03-06,"Saskatchewan",NA
2020-03-05,"Saskatchewan",NA
2020-03-04,"Saskatchewan",NA
2020-03-03,"Saskatchewan",NA
2020-03-02,"Saskatchewan",NA
2020-03-01,"Saskatchewan",NA
2020-02-29,"Saskatchewan",NA
2020-02-28,"Saskatchewan",NA
2020-02-27,"Saskatchewan",NA
2020-02-26,"Saskatchewan",NA
2020-02-25,"Saskatchewan",NA
2020-02-24,"Saskatchewan",NA
2020-02-23,"Saskatchewan",NA
2020-02-22,"Saskatchewan",NA
2020-02-21,"Saskatchewan",NA
2020-02-20,"Saskatchewan",NA
2020-02-19,"Saskatchewan",NA
2020-02-18,"Saskatchewan",NA
2020-02-17,"Saskatchewan",NA
2020-02-16,"Saskatchewan",NA
2020-02-15,"Saskatchewan",NA
2020-02-14,"Saskatchewan",NA
2020-02-13,"Saskatchewan",NA
2020-02-12,"Saskatchewan",NA
2020-08-26,"NWT",5
2020-08-25,"NWT",5
2020-08-24,"NWT",5
2020-08-23,"NWT",5
2020-08-22,"NWT",5
2020-08-21,"NWT",5
2020-08-20,"NWT",5
2020-08-19,"NWT",5
2020-08-18,"NWT",5
2020-08-17,"NWT",5
2020-08-16,"NWT",5
2020-08-15,"NWT",5
2020-08-14,"NWT",5
2020-08-13,"NWT",5
2020-08-12,"NWT",5
2020-08-11,"NWT",5
2020-08-10,"NWT",5
2020-08-09,"NWT",5
2020-08-08,"NWT",5
2020-08-07,"NWT",5
2020-08-06,"NWT",5
2020-08-05,"NWT",5
2020-08-04,"NWT",5
2020-08-03,"NWT",5
2020-08-02,"NWT",5
2020-08-01,"NWT",5
2020-07-31,"NWT",5
2020-07-30,"NWT",5
2020-07-29,"NWT",5
2020-07-28,"NWT",5
2020-07-27,"NWT",5
2020-07-26,"NWT",5
2020-07-25,"NWT",5
2020-07-24,"NWT",5
2020-07-23,"NWT",5
2020-07-22,"NWT",5
2020-07-21,"NWT",5
2020-07-20,"NWT",5
2020-07-19,"NWT",5
2020-07-18,"NWT",5
2020-07-17,"NWT",5
2020-07-16,"NWT",5
2020-07-15,"NWT",5
2020-07-14,"NWT",5
2020-07-13,"NWT",5
2020-07-12,"NWT",5
2020-07-11,"NWT",5
2020-07-10,"NWT",5
2020-07-09,"NWT",5
2020-07-08,"NWT",5
2020-07-07,"NWT",5
2020-07-06,"NWT",5
2020-07-05,"NWT",5
2020-07-04,"NWT",5
2020-07-03,"NWT",5
2020-07-02,"NWT",5
2020-07-01,"NWT",5
2020-06-30,"NWT",5
2020-06-29,"NWT",5
2020-06-28,"NWT",5
2020-06-27,"NWT",5
2020-06-26,"NWT",5
2020-06-25,"NWT",5
2020-06-24,"NWT",5
2020-06-23,"NWT",5
2020-06-22,"NWT",5
2020-06-21,"NWT",5
2020-06-20,"NWT",5
2020-06-19,"NWT",5
2020-06-18,"NWT",5
2020-06-17,"NWT",5
2020-06-16,"NWT",5
2020-06-15,"NWT",5
2020-06-14,"NWT",5
2020-06-13,"NWT",5
2020-06-12,"NWT",5
2020-06-11,"NWT",5
2020-06-10,"NWT",5
2020-06-09,"NWT",5
2020-06-08,"NWT",5
2020-06-07,"NWT",5
2020-06-06,"NWT",5
2020-06-05,"NWT",5
2020-06-04,"NWT",5
2020-06-03,"NWT",5
2020-06-02,"NWT",5
2020-06-01,"NWT",5
2020-05-31,"NWT",5
2020-05-30,"NWT",5
2020-05-29,"NWT",5
2020-05-28,"NWT",5
2020-05-27,"NWT",5
2020-05-26,"NWT",5
2020-05-25,"NWT",5
2020-05-24,"NWT",5
2020-05-23,"NWT",5
2020-05-22,"NWT",5
2020-05-21,"NWT",5
2020-05-20,"NWT",5
2020-05-19,"NWT",5
2020-05-18,"NWT",5
2020-05-17,"NWT",5
2020-05-16,"NWT",5
2020-05-15,"NWT",5
2020-05-14,"NWT",5
2020-05-13,"NWT",5
2020-05-12,"NWT",5
2020-05-11,"NWT",5
2020-05-10,"NWT",5
2020-05-09,"NWT",5
2020-05-08,"NWT",5
2020-05-07,"NWT",5
2020-05-06,"NWT",5
2020-05-05,"NWT",5
2020-05-04,"NWT",5
2020-05-03,"NWT",5
2020-05-02,"NWT",5
2020-05-01,"NWT",5
2020-04-30,"NWT",5
2020-04-29,"NWT",5
2020-04-28,"NWT",5
2020-04-27,"NWT",5
2020-04-26,"NWT",5
2020-04-25,"NWT",5
2020-04-24,"NWT",5
2020-04-23,"NWT",5
2020-04-22,"NWT",5
2020-04-21,"NWT",5
2020-04-20,"NWT",5
2020-04-19,"NWT",3
2020-04-18,"NWT",3
2020-04-17,"NWT",3
2020-04-16,"NWT",2
2020-04-15,"NWT",2
2020-04-14,"NWT",2
2020-04-13,"NWT",2
2020-04-12,"NWT",1
2020-04-11,"NWT",1
2020-04-10,"NWT",1
2020-04-09,"NWT",1
2020-04-08,"NWT",1
2020-04-07,"NWT",1
2020-04-06,"NWT",1
2020-04-05,"NWT",1
2020-04-04,"NWT",1
2020-04-03,"NWT",1
2020-04-02,"NWT",0
2020-04-01,"NWT",0
2020-03-31,"NWT",0
2020-03-30,"NWT",0
2020-03-29,"NWT",0
2020-03-28,"NWT",0
2020-03-27,"NWT",0
2020-03-26,"NWT",0
2020-03-25,"NWT",0
2020-03-24,"NWT",0
2020-03-23,"NWT",0
2020-03-22,"NWT",0
2020-03-21,"NWT",0
2020-03-20,"NWT",NA
2020-03-19,"NWT",NA
2020-03-18,"NWT",NA
2020-03-17,"NWT",NA
2020-03-16,"NWT",NA
2020-03-15,"NWT",NA
2020-03-14,"NWT",NA
2020-03-13,"NWT",NA
2020-03-12,"NWT",NA
2020-03-11,"NWT",NA
2020-03-10,"NWT",NA
2020-03-09,"NWT",NA
2020-03-08,"NWT",NA
2020-03-07,"NWT",NA
2020-03-06,"NWT",NA
2020-03-05,"NWT",NA
2020-03-04,"NWT",NA
2020-03-03,"NWT",NA
2020-03-02,"NWT",NA
2020-03-01,"NWT",NA
2020-02-29,"NWT",NA
2020-02-28,"NWT",NA
2020-02-27,"NWT",NA
2020-02-26,"NWT",NA
2020-02-25,"NWT",NA
2020-02-24,"NWT",NA
2020-02-23,"NWT",NA
2020-02-22,"NWT",NA
2020-02-21,"NWT",NA
2020-02-20,"NWT",NA
2020-02-19,"NWT",NA
2020-02-18,"NWT",NA
2020-02-17,"NWT",NA
2020-02-16,"NWT",NA
2020-02-15,"NWT",NA
2020-02-14,"NWT",NA
2020-02-13,"NWT",NA
2020-02-12,"NWT",NA
2020-08-26,"Nunavut",NA
2020-08-25,"Nunavut",NA
2020-08-24,"Nunavut",NA
2020-08-23,"Nunavut",NA
2020-08-22,"Nunavut",NA
2020-08-21,"Nunavut",NA
2020-08-20,"Nunavut",NA
2020-08-19,"Nunavut",NA
2020-08-18,"Nunavut",NA
2020-08-17,"Nunavut",NA
2020-08-16,"Nunavut",NA
2020-08-15,"Nunavut",NA
2020-08-14,"Nunavut",NA
2020-08-13,"Nunavut",NA
2020-08-12,"Nunavut",NA
2020-08-11,"Nunavut",NA
2020-08-10,"Nunavut",NA
2020-08-09,"Nunavut",NA
2020-08-08,"Nunavut",NA
2020-08-07,"Nunavut",NA
2020-08-06,"Nunavut",NA
2020-08-05,"Nunavut",NA
2020-08-04,"Nunavut",NA
2020-08-03,"Nunavut",NA
2020-08-02,"Nunavut",NA
2020-08-01,"Nunavut",NA
2020-07-31,"Nunavut",NA
2020-07-30,"Nunavut",NA
2020-07-29,"Nunavut",NA
2020-07-28,"Nunavut",NA
2020-07-27,"Nunavut",NA
2020-07-26,"Nunavut",NA
2020-07-25,"Nunavut",NA
2020-07-24,"Nunavut",NA
2020-07-23,"Nunavut",NA
2020-07-22,"Nunavut",NA
2020-07-21,"Nunavut",NA
2020-07-20,"Nunavut",NA
2020-07-19,"Nunavut",NA
2020-07-18,"Nunavut",NA
2020-07-17,"Nunavut",NA
2020-07-16,"Nunavut",NA
2020-07-15,"Nunavut",NA
2020-07-14,"Nunavut",NA
2020-07-13,"Nunavut",NA
2020-07-12,"Nunavut",NA
2020-07-11,"Nunavut",NA
2020-07-10,"Nunavut",NA
2020-07-09,"Nunavut",NA
2020-07-08,"Nunavut",NA
2020-07-07,"Nunavut",NA
2020-07-06,"Nunavut",NA
2020-07-05,"Nunavut",NA
2020-07-04,"Nunavut",NA
2020-07-03,"Nunavut",NA
2020-07-02,"Nunavut",NA
2020-07-01,"Nunavut",NA
2020-06-30,"Nunavut",NA
2020-06-29,"Nunavut",NA
2020-06-28,"Nunavut",NA
2020-06-27,"Nunavut",NA
2020-06-26,"Nunavut",NA
2020-06-25,"Nunavut",NA
2020-06-24,"Nunavut",NA
2020-06-23,"Nunavut",NA
2020-06-22,"Nunavut",NA
2020-06-21,"Nunavut",NA
2020-06-20,"Nunavut",NA
2020-06-19,"Nunavut",NA
2020-06-18,"Nunavut",NA
2020-06-17,"Nunavut",NA
2020-06-16,"Nunavut",NA
2020-06-15,"Nunavut",NA
2020-06-14,"Nunavut",NA
2020-06-13,"Nunavut",NA
2020-06-12,"Nunavut",NA
2020-06-11,"Nunavut",NA
2020-06-10,"Nunavut",NA
2020-06-09,"Nunavut",NA
2020-06-08,"Nunavut",NA
2020-06-07,"Nunavut",NA
2020-06-06,"Nunavut",NA
2020-06-05,"Nunavut",NA
2020-06-04,"Nunavut",NA
2020-06-03,"Nunavut",NA
2020-06-02,"Nunavut",NA
2020-06-01,"Nunavut",NA
2020-05-31,"Nunavut",NA
2020-05-30,"Nunavut",NA
2020-05-29,"Nunavut",NA
2020-05-28,"Nunavut",NA
2020-05-27,"Nunavut",NA
2020-05-26,"Nunavut",NA
2020-05-25,"Nunavut",NA
2020-05-24,"Nunavut",NA
2020-05-23,"Nunavut",NA
2020-05-22,"Nunavut",NA
2020-05-21,"Nunavut",NA
2020-05-20,"Nunavut",NA
2020-05-19,"Nunavut",NA
2020-05-18,"Nunavut",NA
2020-05-17,"Nunavut",NA
2020-05-16,"Nunavut",NA
2020-05-15,"Nunavut",NA
2020-05-14,"Nunavut",NA
2020-05-13,"Nunavut",NA
2020-05-12,"Nunavut",NA
2020-05-11,"Nunavut",NA
2020-05-10,"Nunavut",NA
2020-05-09,"Nunavut",NA
2020-05-08,"Nunavut",NA
2020-05-07,"Nunavut",NA
2020-05-06,"Nunavut",NA
2020-05-05,"Nunavut",NA
2020-05-04,"Nunavut",NA
2020-05-03,"Nunavut",NA
2020-05-02,"Nunavut",NA
2020-05-01,"Nunavut",NA
2020-04-30,"Nunavut",NA
2020-04-29,"Nunavut",NA
2020-04-28,"Nunavut",NA
2020-04-27,"Nunavut",NA
2020-04-26,"Nunavut",NA
2020-04-25,"Nunavut",NA
2020-04-24,"Nunavut",NA
2020-04-23,"Nunavut",NA
2020-04-22,"Nunavut",NA
2020-04-21,"Nunavut",NA
2020-04-20,"Nunavut",NA
2020-04-19,"Nunavut",NA
2020-04-18,"Nunavut",NA
2020-04-17,"Nunavut",NA
2020-04-16,"Nunavut",NA
2020-04-15,"Nunavut",NA
2020-04-14,"Nunavut",NA
2020-04-13,"Nunavut",NA
2020-04-12,"Nunavut",NA
2020-04-11,"Nunavut",NA
2020-04-10,"Nunavut",NA
2020-04-09,"Nunavut",NA
2020-04-08,"Nunavut",NA
2020-04-07,"Nunavut",NA
2020-04-06,"Nunavut",NA
2020-04-05,"Nunavut",NA
2020-04-04,"Nunavut",NA
2020-04-03,"Nunavut",NA
2020-04-02,"Nunavut",NA
2020-04-01,"Nunavut",NA
2020-03-31,"Nunavut",NA
2020-03-30,"Nunavut",NA
2020-03-29,"Nunavut",NA
2020-03-28,"Nunavut",NA
2020-03-27,"Nunavut",NA
2020-03-26,"Nunavut",NA
2020-03-25,"Nunavut",NA
2020-03-24,"Nunavut",NA
2020-03-23,"Nunavut",NA
2020-03-22,"Nunavut",NA
2020-03-21,"Nunavut",NA
2020-03-20,"Nunavut",NA
2020-03-19,"Nunavut",NA
2020-03-18,"Nunavut",NA
2020-03-17,"Nunavut",NA
2020-03-16,"Nunavut",NA
2020-03-15,"Nunavut",NA
2020-03-14,"Nunavut",NA
2020-03-13,"Nunavut",NA
2020-03-12,"Nunavut",NA
2020-03-11,"Nunavut",NA
2020-03-10,"Nunavut",NA
2020-03-09,"Nunavut",NA
2020-03-08,"Nunavut",NA
2020-03-07,"Nunavut",NA
2020-03-06,"Nunavut",NA
2020-03-05,"Nunavut",NA
2020-03-04,"Nunavut",NA
2020-03-03,"Nunavut",NA
2020-03-02,"Nunavut",NA
2020-03-01,"Nunavut",NA
2020-02-29,"Nunavut",NA
2020-02-28,"Nunavut",NA
2020-02-27,"Nunavut",NA
2020-02-26,"Nunavut",NA
2020-02-25,"Nunavut",NA
2020-02-24,"Nunavut",NA
2020-02-23,"Nunavut",NA
2020-02-22,"Nunavut",NA
2020-02-21,"Nunavut",NA
2020-02-20,"Nunavut",NA
2020-02-19,"Nunavut",NA
2020-02-18,"Nunavut",NA
2020-02-17,"Nunavut",NA
2020-02-16,"Nunavut",NA
2020-02-15,"Nunavut",NA
2020-02-14,"Nunavut",NA
2020-02-13,"Nunavut",NA
2020-02-12,"Nunavut",NA
2020-08-26,"Yukon",15
2020-08-25,"Yukon",15
2020-08-24,"Yukon",15
2020-08-23,"Yukon",15
2020-08-22,"Yukon",15
2020-08-21,"Yukon",15
2020-08-20,"Yukon",15
2020-08-19,"Yukon",15
2020-08-18,"Yukon",15
2020-08-17,"Yukon",14
2020-08-16,"Yukon",14
2020-08-15,"Yukon",14
2020-08-14,"Yukon",14
2020-08-13,"Yukon",14
2020-08-12,"Yukon",13
2020-08-11,"Yukon",13
2020-08-10,"Yukon",13
2020-08-09,"Yukon",13
2020-08-08,"Yukon",13
2020-08-07,"Yukon",13
2020-08-06,"Yukon",13
2020-08-05,"Yukon",11
2020-08-04,"Yukon",11
2020-08-03,"Yukon",11
2020-08-02,"Yukon",11
2020-08-01,"Yukon",11
2020-07-31,"Yukon",11
2020-07-30,"Yukon",11
2020-07-29,"Yukon",11
2020-07-28,"Yukon",11
2020-07-27,"Yukon",11
2020-07-26,"Yukon",11
2020-07-25,"Yukon",11
2020-07-24,"Yukon",11
2020-07-23,"Yukon",11
2020-07-22,"Yukon",11
2020-07-21,"Yukon",11
2020-07-20,"Yukon",11
2020-07-19,"Yukon",11
2020-07-18,"Yukon",11
2020-07-17,"Yukon",11
2020-07-16,"Yukon",11
2020-07-15,"Yukon",11
2020-07-14,"Yukon",11
2020-07-13,"Yukon",11
2020-07-12,"Yukon",11
2020-07-11,"Yukon",11
2020-07-10,"Yukon",11
2020-07-09,"Yukon",11
2020-07-08,"Yukon",11
2020-07-07,"Yukon",11
2020-07-06,"Yukon",11
2020-07-05,"Yukon",11
2020-07-04,"Yukon",11
2020-07-03,"Yukon",11
2020-07-02,"Yukon",11
2020-07-01,"Yukon",11
2020-06-30,"Yukon",11
2020-06-29,"Yukon",11
2020-06-28,"Yukon",11
2020-06-27,"Yukon",11
2020-06-26,"Yukon",11
2020-06-25,"Yukon",11
2020-06-24,"Yukon",11
2020-06-23,"Yukon",11
2020-06-22,"Yukon",11
2020-06-21,"Yukon",11
2020-06-20,"Yukon",11
2020-06-19,"Yukon",11
2020-06-18,"Yukon",11
2020-06-17,"Yukon",11
2020-06-16,"Yukon",11
2020-06-15,"Yukon",11
2020-06-14,"Yukon",11
2020-06-13,"Yukon",11
2020-06-12,"Yukon",11
2020-06-11,"Yukon",11
2020-06-10,"Yukon",11
2020-06-09,"Yukon",11
2020-06-08,"Yukon",11
2020-06-07,"Yukon",11
2020-06-06,"Yukon",11
2020-06-05,"Yukon",11
2020-06-04,"Yukon",11
2020-06-03,"Yukon",11
2020-06-02,"Yukon",11
2020-06-01,"Yukon",11
2020-05-31,"Yukon",11
2020-05-30,"Yukon",11
2020-05-29,"Yukon",11
2020-05-28,"Yukon",11
2020-05-27,"Yukon",11
2020-05-26,"Yukon",11
2020-05-25,"Yukon",11
2020-05-24,"Yukon",11
2020-05-23,"Yukon",11
2020-05-22,"Yukon",11
2020-05-21,"Yukon",11
2020-05-20,"Yukon",11
2020-05-19,"Yukon",11
2020-05-18,"Yukon",11
2020-05-17,"Yukon",11
2020-05-16,"Yukon",11
2020-05-15,"Yukon",11
2020-05-14,"Yukon",11
2020-05-13,"Yukon",11
2020-05-12,"Yukon",11
2020-05-11,"Yukon",11
2020-05-10,"Yukon",11
2020-05-09,"Yukon",11
2020-05-08,"Yukon",11
2020-05-07,"Yukon",11
2020-05-06,"Yukon",11
2020-05-05,"Yukon",11
2020-05-04,"Yukon",11
2020-05-03,"Yukon",11
2020-05-02,"Yukon",11
2020-05-01,"Yukon",11
2020-04-30,"Yukon",9
2020-04-29,"Yukon",8
2020-04-28,"Yukon",8
2020-04-27,"Yukon",8
2020-04-26,"Yukon",8
2020-04-25,"Yukon",8
2020-04-24,"Yukon",8
2020-04-23,"Yukon",8
2020-04-22,"Yukon",8
2020-04-21,"Yukon",8
2020-04-20,"Yukon",8
2020-04-19,"Yukon",8
2020-04-18,"Yukon",8
2020-04-17,"Yukon",7
2020-04-16,"Yukon",6
2020-04-15,"Yukon",6
2020-04-14,"Yukon",6
2020-04-13,"Yukon",6
2020-04-12,"Yukon",4
2020-04-11,"Yukon",4
2020-04-10,"Yukon",4
2020-04-09,"Yukon",4
2020-04-08,"Yukon",4
2020-04-07,"Yukon",4
2020-04-06,"Yukon",4
2020-04-05,"Yukon",4
2020-04-04,"Yukon",4
2020-04-03,"Yukon",4
2020-04-02,"Yukon",3
2020-04-01,"Yukon",3
2020-03-31,"Yukon",0
2020-03-30,"Yukon",0
2020-03-29,"Yukon",0
2020-03-28,"Yukon",0
2020-03-27,"Yukon",0
2020-03-26,"Yukon",0
2020-03-25,"Yukon",0
2020-03-24,"Yukon",0
2020-03-23,"Yukon",0
2020-03-22,"Yukon",NA
2020-03-21,"Yukon",NA
2020-03-20,"Yukon",NA
2020-03-19,"Yukon",NA
2020-03-18,"Yukon",NA
2020-03-17,"Yukon",NA
2020-03-16,"Yukon",NA
2020-03-15,"Yukon",NA
2020-03-14,"Yukon",NA
2020-03-13,"Yukon",NA
2020-03-12,"Yukon",NA
2020-03-11,"Yukon",NA
2020-03-10,"Yukon",NA
2020-03-09,"Yukon",NA
2020-03-08,"Yukon",NA
2020-03-07,"Yukon",NA
2020-03-06,"Yukon",NA
2020-03-05,"Yukon",NA
2020-03-04,"Yukon",NA
2020-03-03,"Yukon",NA
2020-03-02,"Yukon",NA
2020-03-01,"Yukon",NA
2020-02-29,"Yukon",NA
2020-02-28,"Yukon",NA
2020-02-27,"Yukon",NA
2020-02-26,"Yukon",NA
2020-02-25,"Yukon",NA
2020-02-24,"Yukon",NA
2020-02-23,"Yukon",NA
2020-02-22,"Yukon",NA
2020-02-21,"Yukon",NA
2020-02-20,"Yukon",NA
2020-02-19,"Yukon",NA
2020-02-18,"Yukon",NA
2020-02-17,"Yukon",NA
2020-02-16,"Yukon",NA
2020-02-15,"Yukon",NA
2020-02-14,"Yukon",NA
2020-02-13,"Yukon",NA
2020-02-12,"Yukon",NA
2020-08-26,"Repatriated",13
2020-08-25,"Repatriated",13
2020-08-24,"Repatriated",13
2020-08-23,"Repatriated",13
2020-08-22,"Repatriated",13
2020-08-21,"Repatriated",13
2020-08-20,"Repatriated",13
2020-08-19,"Repatriated",13
2020-08-18,"Repatriated",13
2020-08-17,"Repatriated",13
2020-08-16,"Repatriated",13
2020-08-15,"Repatriated",13
2020-08-14,"Repatriated",13
2020-08-13,"Repatriated",13
2020-08-12,"Repatriated",13
2020-08-11,"Repatriated",13
2020-08-10,"Repatriated",13
2020-08-09,"Repatriated",13
2020-08-08,"Repatriated",13
2020-08-07,"Repatriated",13
2020-08-06,"Repatriated",13
2020-08-05,"Repatriated",13
2020-08-04,"Repatriated",13
2020-08-03,"Repatriated",13
2020-08-02,"Repatriated",13
2020-08-01,"Repatriated",13
2020-07-31,"Repatriated",13
2020-07-30,"Repatriated",13
2020-07-29,"Repatriated",13
2020-07-28,"Repatriated",13
2020-07-27,"Repatriated",13
2020-07-26,"Repatriated",13
2020-07-25,"Repatriated",13
2020-07-24,"Repatriated",13
2020-07-23,"Repatriated",13
2020-07-22,"Repatriated",13
2020-07-21,"Repatriated",13
2020-07-20,"Repatriated",13
2020-07-19,"Repatriated",13
2020-07-18,"Repatriated",13
2020-07-17,"Repatriated",13
2020-07-16,"Repatriated",13
2020-07-15,"Repatriated",13
2020-07-14,"Repatriated",13
2020-07-13,"Repatriated",13
2020-07-12,"Repatriated",13
2020-07-11,"Repatriated",13
2020-07-10,"Repatriated",13
2020-07-09,"Repatriated",13
2020-07-08,"Repatriated",13
2020-07-07,"Repatriated",13
2020-07-06,"Repatriated",13
2020-07-05,"Repatriated",13
2020-07-04,"Repatriated",13
2020-07-03,"Repatriated",13
2020-07-02,"Repatriated",13
2020-07-01,"Repatriated",13
2020-06-30,"Repatriated",13
2020-06-29,"Repatriated",13
2020-06-28,"Repatriated",13
2020-06-27,"Repatriated",13
2020-06-26,"Repatriated",13
2020-06-25,"Repatriated",13
2020-06-24,"Repatriated",13
2020-06-23,"Repatriated",13
2020-06-22,"Repatriated",13
2020-06-21,"Repatriated",13
2020-06-20,"Repatriated",13
2020-06-19,"Repatriated",13
2020-06-18,"Repatriated",13
2020-06-17,"Repatriated",13
2020-06-16,"Repatriated",13
2020-06-15,"Repatriated",13
2020-06-14,"Repatriated",13
2020-06-13,"Repatriated",13
2020-06-12,"Repatriated",13
2020-06-11,"Repatriated",13
2020-06-10,"Repatriated",13
2020-06-09,"Repatriated",13
2020-06-08,"Repatriated",13
2020-06-07,"Repatriated",13
2020-06-06,"Repatriated",13
2020-06-05,"Repatriated",13
2020-06-04,"Repatriated",13
2020-06-03,"Repatriated",13
2020-06-02,"Repatriated",13
2020-06-01,"Repatriated",13
2020-05-31,"Repatriated",13
2020-05-30,"Repatriated",13
2020-05-29,"Repatriated",13
2020-05-28,"Repatriated",13
2020-05-27,"Repatriated",13
2020-05-26,"Repatriated",13
2020-05-25,"Repatriated",13
2020-05-24,"Repatriated",13
2020-05-23,"Repatriated",13
2020-05-22,"Repatriated",13
2020-05-21,"Repatriated",13
2020-05-20,"Repatriated",13
2020-05-19,"Repatriated",13
2020-05-18,"Repatriated",13
2020-05-17,"Repatriated",13
2020-05-16,"Repatriated",13
2020-05-15,"Repatriated",13
2020-05-14,"Repatriated",13
2020-05-13,"Repatriated",13
2020-05-12,"Repatriated",13
2020-05-11,"Repatriated",13
2020-05-10,"Repatriated",13
2020-05-09,"Repatriated",13
2020-05-08,"Repatriated",13
2020-05-07,"Repatriated",13
2020-05-06,"Repatriated",13
2020-05-05,"Repatriated",13
2020-05-04,"Repatriated",13
2020-05-03,"Repatriated",13
2020-05-02,"Repatriated",13
2020-05-01,"Repatriated",13
2020-04-30,"Repatriated",13
2020-04-29,"Repatriated",13
2020-04-28,"Repatriated",13
2020-04-27,"Repatriated",13
2020-04-26,"Repatriated",13
2020-04-25,"Repatriated",13
2020-04-24,"Repatriated",13
2020-04-23,"Repatriated",13
2020-04-22,"Repatriated",13
2020-04-21,"Repatriated",13
2020-04-20,"Repatriated",13
2020-04-19,"Repatriated",13
2020-04-18,"Repatriated",13
2020-04-17,"Repatriated",13
2020-04-16,"Repatriated",13
2020-04-15,"Repatriated",13
2020-04-14,"Repatriated",13
2020-04-13,"Repatriated",13
2020-04-12,"Repatriated",13
2020-04-11,"Repatriated",13
2020-04-10,"Repatriated",13
2020-04-09,"Repatriated",13
2020-04-08,"Repatriated",13
2020-04-07,"Repatriated",13
2020-04-06,"Repatriated",13
2020-04-05,"Repatriated",13
2020-04-04,"Repatriated",13
2020-04-03,"Repatriated",12
2020-04-02,"Repatriated",10
2020-04-01,"Repatriated",9
2020-03-31,"Repatriated",9
2020-03-30,"Repatriated",8
2020-03-29,"Repatriated",4
2020-03-28,"Repatriated",4
2020-03-27,"Repatriated",2
2020-03-26,"Repatriated",1
2020-03-25,"Repatriated",1
2020-03-24,"Repatriated",0
2020-03-23,"Repatriated",0
2020-03-22,"Repatriated",0
2020-03-21,"Repatriated",0
2020-03-20,"Repatriated",0
2020-03-19,"Repatriated",0
2020-03-18,"Repatriated",0
2020-03-17,"Repatriated",0
2020-03-16,"Repatriated",0
2020-03-15,"Repatriated",0
2020-03-14,"Repatriated",0
2020-03-13,"Repatriated",0
2020-03-12,"Repatriated",0
2020-03-11,"Repatriated",0
2020-03-10,"Repatriated",NA
2020-03-09,"Repatriated",NA
2020-03-08,"Repatriated",NA
2020-03-07,"Repatriated",NA
2020-03-06,"Repatriated",NA
2020-03-05,"Repatriated",NA
2020-03-04,"Repatriated",NA
2020-03-03,"Repatriated",NA
2020-03-02,"Repatriated",NA
2020-03-01,"Repatriated",NA
2020-02-29,"Repatriated",NA
2020-02-28,"Repatriated",NA
2020-02-27,"Repatriated",NA
2020-02-26,"Repatriated",NA
2020-02-25,"Repatriated",NA
2020-02-24,"Repatriated",NA
2020-02-23,"Repatriated",NA
2020-02-22,"Repatriated",NA
2020-02-21,"Repatriated",NA
2020-02-20,"Repatriated",NA
2020-02-19,"Repatriated",NA
2020-02-18,"Repatriated",NA
2020-02-17,"Repatriated",NA
2020-02-16,"Repatriated",NA
2020-02-15,"Repatriated",NA
2020-02-14,"Repatriated",NA
2020-02-13,"Repatriated",NA
2020-02-12,"Repatriated",NA
